state,lga_code,lga_name,ward_code,ward_name,pu_code,pu_name
NASARAWA,01,AKWANGA,01,Anchobaba,001,RIJA SARKI
NASARAWA,01,AKWANGA,01,Anchobaba,002,GBUWHEN
NASARAWA,01,AKWANGA,01,Anchobaba,003,ANCHO SARKI
NASARAWA,01,AKWANGA,01,Anchobaba,004,NGARE
NASARAWA,01,AKWANGA,01,Anchobaba,005,U/ZARIA I
NASARAWA,01,AKWANGA,01,Anchobaba,006,U/ZARIA II
NASARAWA,01,AKWANGA,01,Anchobaba,007,MANVEH
NASARAWA,01,AKWANGA,01,Anchobaba,008,"IKPON ST., BY HOUSE NO. 20"
NASARAWA,01,AKWANGA,02,Agyaga,001,NINGA PRIMARY SCHOOL (NINGA I)
NASARAWA,01,AKWANGA,02,Agyaga,002,NINGA II
NASARAWA,01,AKWANGA,02,Agyaga,003,ASHE
NASARAWA,01,AKWANGA,02,Agyaga,004,AGYAGA PRIMARY SCHOOL (AGYAGA)
NASARAWA,01,AKWANGA,02,Agyaga,005,TAPIR
NASARAWA,01,AKWANGA,02,Agyaga,006,UNGUWAR PAH
NASARAWA,01,AKWANGA,03,Gwanje.Gwanje,001,GWANJE
NASARAWA,01,AKWANGA,03,Gwanje.Gwanje,002,GBUJE
NASARAWA,01,AKWANGA,03,Gwanje.Gwanje,003,GWADI
NASARAWA,01,AKWANGA,03,Gwanje.Gwanje,004,ARICHA
NASARAWA,01,AKWANGA,04,Ancho Nighaan,001,ANCHO / NINGHAAN .
NASARAWA,01,AKWANGA,04,Ancho Nighaan,002,ARUM GIDA
NASARAWA,01,AKWANGA,04,Ancho Nighaan,003,NIDAN
NASARAWA,01,AKWANGA,04,Ancho Nighaan,004,NUMAN KUCHU
NASARAWA,01,AKWANGA,05,Andaha,001,ANDAHA NORTH
NASARAWA,01,AKWANGA,05,Andaha,002,ANDAHA SOUTH
NASARAWA,01,AKWANGA,05,Andaha,003,ANDAHA SOUTH
NASARAWA,01,AKWANGA,05,Andaha,004,ANDAHA MARKET SQUARE (ANDAHA KOFAR HAKIMI)
NASARAWA,01,AKWANGA,05,Andaha,005,KATANZA
NASARAWA,01,AKWANGA,05,Andaha,006,ANDAHA DAJI
NASARAWA,01,AKWANGA,06,Nunku,001,NUNKU
NASARAWA,01,AKWANGA,06,Nunku,002,NUNKU
NASARAWA,01,AKWANGA,06,Nunku,003,U/MAKAMA
NASARAWA,01,AKWANGA,06,Nunku,004,UNGWAR DOROWA PRI. SCHOOL. (UNGWAR DOROWA)
NASARAWA,01,AKWANGA,06,Nunku,005,ANDU
NASARAWA,01,AKWANGA,07,Gudi,001,MOTOR PARK
NASARAWA,01,AKWANGA,07,Gudi,002,MOTOR PARK
NASARAWA,01,AKWANGA,07,Gudi,003,C.M.S GUDI
NASARAWA,01,AKWANGA,07,Gudi,004,U/DARIYA
NASARAWA,01,AKWANGA,08,Moroa,001,C.M.S MOROA
NASARAWA,01,AKWANGA,08,Moroa,002,C.M.S MOROA
NASARAWA,01,AKWANGA,08,Moroa,003,B/KOGI
NASARAWA,01,AKWANGA,08,Moroa,004,U/YARA
NASARAWA,01,AKWANGA,08,Moroa,005,ANJIDA SARKI
NASARAWA,01,AKWANGA,08,Moroa,006,ANJIDA SARKI
NASARAWA,01,AKWANGA,08,Moroa,007,KWANDAR
NASARAWA,01,AKWANGA,09,Akwanga West,001,U/SALIHU
NASARAWA,01,AKWANGA,09,Akwanga West,002,U/GALADIMA
NASARAWA,01,AKWANGA,09,Akwanga West,003,COE AKWANGA
NASARAWA,01,AKWANGA,09,Akwanga West,004,COE AKWANGA
NASARAWA,01,AKWANGA,09,Akwanga West,005,POLICE STATION
NASARAWA,01,AKWANGA,09,Akwanga West,006,POLICE STATION
NASARAWA,01,AKWANGA,09,Akwanga West,007,AKWANGA NORTH PRI.SCHOOL
NASARAWA,01,AKWANGA,09,Akwanga West,008,KOFAR HAKIMI
NASARAWA,01,AKWANGA,09,Akwanga West,009,AKWANGA SOUTH
NASARAWA,01,AKWANGA,10,Akwanga East,001,AKWANGA CENTRAL
NASARAWA,01,AKWANGA,10,Akwanga East,002,AKWANGA CENTRAL
NASARAWA,01,AKWANGA,10,Akwanga East,003,AKWANGA CENTRAL
NASARAWA,01,AKWANGA,10,Akwanga East,004,K/TAGWAYE
NASARAWA,01,AKWANGA,10,Akwanga East,005,BUKU
NASARAWA,01,AKWANGA,10,Akwanga East,006,GBUNCHU
NASARAWA,01,AKWANGA,10,Akwanga East,007,MHSS
NASARAWA,01,AKWANGA,10,Akwanga East,008,CO-OPERATIVE
NASARAWA,01,AKWANGA,10,Akwanga East,009,KAMBRE
NASARAWA,01,AKWANGA,10,Akwanga East,010,MOTOR PARK
NASARAWA,01,AKWANGA,10,Akwanga East,011,MOTOR PARK
NASARAWA,01,AKWANGA,10,Akwanga East,012,U/ALAGO
NASARAWA,01,AKWANGA,11,Ningo / Bohar,001,NINGO
NASARAWA,01,AKWANGA,11,Ningo / Bohar,002,TABU
NASARAWA,01,AKWANGA,11,Ningo / Bohar,003,NGAMBRE
NASARAWA,01,AKWANGA,11,Ningo / Bohar,004,NGACHE
NASARAWA,01,AKWANGA,11,Ningo / Bohar,005,BOHAR SARKI
NASARAWA,02,AWE,01,Tunga,001,TUNGA PRI.SCHOOL I - PB
NASARAWA,02,AWE,01,Tunga,002,TUNGA PRI.SCHOOL II- PB
NASARAWA,02,AWE,01,Tunga,003,TSOHON TUNGA - PB
NASARAWA,02,AWE,01,Tunga,004,AGUDU - PB
NASARAWA,02,AWE,01,Tunga,005,TUNGA TV CENTRE - PB
NASARAWA,02,AWE,01,Tunga,006,KOSONO - PB
NASARAWA,02,AWE,01,Tunga,007,GIDAN GWAM - OB
NASARAWA,02,AWE,01,Tunga,008,TUNGA MARKET SQUARE (KOFAR SARKIN TUNGA)
NASARAWA,02,AWE,02,Makwangiji,001,BAURE PRI.SCHOOL I- PB
NASARAWA,02,AWE,02,Makwangiji,002,BAURE PRI.SCHOOL II - PB
NASARAWA,02,AWE,02,Makwangiji,003,VIEWING CENTRE PB
NASARAWA,02,AWE,02,Makwangiji,004,KOSOUR - OB
NASARAWA,02,AWE,02,Makwangiji,005,KEKURA PRI.SCHOOL I - PB
NASARAWA,02,AWE,02,Makwangiji,006,KEKURA PRI.SCHOOL II- PB
NASARAWA,02,AWE,02,Makwangiji,007,KUNDU - OB
NASARAWA,02,AWE,02,Makwangiji,008,GINDIN - KADE - OB
NASARAWA,02,AWE,02,Makwangiji,009,UNGWAN ROGO - OB
NASARAWA,02,AWE,02,Makwangiji,010,OLD SECRETARIAT (KOFAR-PADA/BUNU)
NASARAWA,02,AWE,03,Madaki,001,KOFAR HABU I - OB
NASARAWA,02,AWE,03,Madaki,002,KOFAR HABU II - OB
NASARAWA,02,AWE,03,Madaki,003,KOFAR GAYAM STATISTIC - PB
NASARAWA,02,AWE,03,Madaki,004,KOFAR GAYAM - OB
NASARAWA,02,AWE,03,Madaki,005,AWE SOUTH PRI.SCHOOL - PB
NASARAWA,02,AWE,03,Madaki,006,KOFAR SARKI WURJI - OB
NASARAWA,02,AWE,03,Madaki,007,KAFIN MOYI - OB
NASARAWA,02,AWE,03,Madaki,008,JANGAR GARI I
NASARAWA,02,AWE,03,Madaki,009,JANGAR GARI II
NASARAWA,02,AWE,03,Madaki,010,AKWATE - OB
NASARAWA,02,AWE,03,Madaki,011,MAGAJI TV CENTRE - PB
NASARAWA,02,AWE,03,Madaki,012,GIDAN WURJI PRI.SCHOOL- PB
NASARAWA,02,AWE,04,Galadima,001,AMPANA PRI.SCHOOL - PB
NASARAWA,02,AWE,04,Galadima,002,KOFAR GALADIMA A - OB
NASARAWA,02,AWE,04,Galadima,003,KOFAR GALADIMA B - PB
NASARAWA,02,AWE,04,Galadima,004,MAHANGA/NOMADIC - OB
NASARAWA,02,AWE,04,Galadima,005,MAIN - MARKET A - OB
NASARAWA,02,AWE,04,Galadima,006,MAIN-MARKET B (OB)
NASARAWA,02,AWE,05,Jangaru,001,JANGARU PRI.SCHOOL - PB
NASARAWA,02,AWE,05,Jangaru,002,CHIATA - OB
NASARAWA,02,AWE,05,Jangaru,003,KA'AMBE - OB
NASARAWA,02,AWE,05,Jangaru,004,GINDIRAWA - OB
NASARAWA,02,AWE,06,Kanje/Abuni,001,ABUNI PRI.SCHOOL (PB)
NASARAWA,02,AWE,06,Kanje/Abuni,002,UNG.KWALLA (OB)
NASARAWA,02,AWE,06,Kanje/Abuni,003,KANJE PRI.SCHOOL - PB
NASARAWA,02,AWE,06,Kanje/Abuni,004,UNG.JUKUN - OB
NASARAWA,02,AWE,06,Kanje/Abuni,005,ANUKU PRI.SCHOOL I - PB
NASARAWA,02,AWE,06,Kanje/Abuni,006,IHUMAN PRI. SCH. I - PB
NASARAWA,02,AWE,06,Kanje/Abuni,007,IHUMAN PRI.SCHOOL II - PB
NASARAWA,02,AWE,07,Ribi,001,RIBI TV CENTRE - PB
NASARAWA,02,AWE,07,Ribi,002,RIBI PRI.SCHOOL - PB
NASARAWA,02,AWE,07,Ribi,003,KOFAR SARKI - OB
NASARAWA,02,AWE,07,Ribi,004,ZANWA - OB
NASARAWA,02,AWE,07,Ribi,005,MANKPE
NASARAWA,02,AWE,07,Ribi,006,SHANKODI - OB
NASARAWA,02,AWE,07,Ribi,007,UNGWAN KWALLA - OB
NASARAWA,02,AWE,07,Ribi,008,IBI ALAGO - OB
NASARAWA,02,AWE,07,Ribi,009,JANGWA DISPENSARY - PB
NASARAWA,02,AWE,07,Ribi,010,JANGWA PRI.SCHOOL - PB
NASARAWA,02,AWE,08,Azara,001,GIDAN-WAMBAI PRI.SCHOOL - PB
NASARAWA,02,AWE,08,Azara,002,MAAJI AZARA - OB
NASARAWA,02,AWE,08,Azara,003,RIMIN SABO - OB
NASARAWA,02,AWE,08,Azara,004,RUGWAGU - OB
NASARAWA,02,AWE,08,Azara,005,UBANDOMA - OB
NASARAWA,02,AWE,08,Azara,006,UNG.- GALADIMA AZARA - OB
NASARAWA,02,AWE,08,Azara,007,KOFAR MAGAJI - OB
NASARAWA,02,AWE,08,Azara,008,UNG. SARKIN YAKI I
NASARAWA,02,AWE,08,Azara,009,UNG.SARKIN- YAKI II - OB
NASARAWA,02,AWE,08,Azara,010,JIMI AZARA - OB
NASARAWA,02,AWE,08,Azara,011,UNG. GOBIRAWA - OB
NASARAWA,02,AWE,08,Azara,012,KOFAR SARKIN KURUM
NASARAWA,02,AWE,08,Azara,013,TAFIDA - OB
NASARAWA,02,AWE,08,Azara,014,GIDAN SOJA - OB
NASARAWA,02,AWE,08,Azara,015,GIDAN UPAVER - OB
NASARAWA,02,AWE,09,Wuse,001,WUSE DISP/MOYI 'A' - PB
NASARAWA,02,AWE,09,Wuse,002,WUSE DISP/MOYI 'B' - PB
NASARAWA,02,AWE,09,Wuse,003,TSOHON WUSE -OB
NASARAWA,02,AWE,09,Wuse,004,GIDAN UNANDE - OB
NASARAWA,02,AWE,09,Wuse,005,KUMAR - PB
NASARAWA,02,AWE,09,Wuse,006,GIDAN-LUKA - OB
NASARAWA,02,AWE,09,Wuse,007,RIJIYAN GIWA - PB
NASARAWA,02,AWE,09,Wuse,008,SAMINAKA - OB
NASARAWA,02,AWE,09,Wuse,009,DOROWAN-WUSE
NASARAWA,02,AWE,09,Wuse,010,WUSE TV CENTRE - PB
NASARAWA,02,AWE,09,Wuse,011,UNGWAN AUDU - OB
NASARAWA,02,AWE,09,Wuse,012,UNGWAN UBANGARI - OB
NASARAWA,02,AWE,10,Akiri,001,AKIRI PRI.SCHOOL/ANG. GISHIRI I - PB
NASARAWA,02,AWE,10,Akiri,002,AKIRI PRI.SCHOOL/ANG. GISHIRI II - PB
NASARAWA,02,AWE,10,Akiri,003,KOFAR SARKI/KUKA - OB
NASARAWA,02,AWE,10,Akiri,004,TAFIDA SILLA - OB
NASARAWA,02,AWE,10,Akiri,005,NYENSUWE - OB
NASARAWA,02,AWE,10,Akiri,006,UNG. TORBUTU - OB
NASARAWA,02,AWE,10,Akiri,007,RUGAR -HARDO - OB
NASARAWA,02,AWE,10,Akiri,008,GIDAN GWAM - OB
NASARAWA,02,AWE,10,Akiri,009,USUWA JIGAWA - OB
NASARAWA,02,AWE,10,Akiri,010,APIRI AKIRI - OB
NASARAWA,03,DOMA,01,Alagye,001,ANNA TOWN O.P
NASARAWA,03,DOMA,01,Alagye,002,M.S GIDA O.P
NASARAWA,03,DOMA,01,Alagye,003,K/M ANZA/DAMBA/K/M/D O.P
NASARAWA,03,DOMA,01,Alagye,004,MUDU PRIMARY SCHOOL
NASARAWA,03,DOMA,01,Alagye,005,RUTTU O.P
NASARAWA,03,DOMA,01,Alagye,006,KOFAR WAKILI 0.P
NASARAWA,03,DOMA,01,Alagye,007,PRI.SCHOOL ALAGYE O.P
NASARAWA,03,DOMA,01,Alagye,008,PRIMARY SCHOOL ALAGYE (K.W.MADA (OP))
NASARAWA,03,DOMA,01,Alagye,009,RUWAN BAKA O.P
NASARAWA,03,DOMA,01,Alagye,010,AKARAMA O.P
NASARAWA,03,DOMA,01,Alagye,011,PANKSHIN DOMA O.P
NASARAWA,03,DOMA,01,Alagye,012,LAMBA
NASARAWA,03,DOMA,02,Rukubi,001,K/PADA AGYEMA O.P
NASARAWA,03,DOMA,02,Rukubi,002,AGYEMA PRI.SCHOOL P.B
NASARAWA,03,DOMA,02,Rukubi,003,OZIMAZA AGYEMA O.P
NASARAWA,03,DOMA,02,Rukubi,004,OTIYA O.P
NASARAWA,03,DOMA,02,Rukubi,005,OLUWA KOYIMA O.P
NASARAWA,03,DOMA,02,Rukubi,006,RUKUBI PRI.SCHOOL PB
NASARAWA,03,DOMA,02,Rukubi,007,UNG. KUMBURU 0.P
NASARAWA,03,DOMA,02,Rukubi,008,ANDORI PRI.SCHOOL P.B
NASARAWA,03,DOMA,02,Rukubi,009,UNG SARKIN BASSA O.P
NASARAWA,03,DOMA,02,Rukubi,010,UNG SARKIN BASSA O.P
NASARAWA,03,DOMA,02,Rukubi,011,ABUJA OGO O.P
NASARAWA,03,DOMA,02,Rukubi,012,UNG OWUSE IJIWO O.P
NASARAWA,03,DOMA,03,Agbashi,001,PRI.SCHOOL IDADU P.B
NASARAWA,03,DOMA,03,Agbashi,002,ATANDARA O.P
NASARAWA,03,DOMA,03,Agbashi,003,PRI.SCHOOL AGBASHI P.B
NASARAWA,03,DOMA,03,Agbashi,004,G.S.S AGBASHI PB
NASARAWA,03,DOMA,03,Agbashi,005,OLEGABOGYE O.P
NASARAWA,03,DOMA,03,Agbashi,006,PRI.SCHOOL IPONU PB
NASARAWA,03,DOMA,03,Agbashi,007,G.S.S OKPATA (KOFAR SARKIN OKPATTA O.P)
NASARAWA,03,DOMA,03,Agbashi,008,GIDAN JIRRAH OP
NASARAWA,03,DOMA,03,Agbashi,009,KOFAR ADAMU/ADAGONYE
NASARAWA,03,DOMA,03,Agbashi,010,KADUNA BASSA OP
NASARAWA,03,DOMA,03,Agbashi,011,PRI.SCHOOLZEVER PB
NASARAWA,03,DOMA,03,Agbashi,012,ATEGERE OP
NASARAWA,03,DOMA,03,Agbashi,013,PRIMARY SCHOOL OKPATA (UNG.BASSA OKPATA)
NASARAWA,03,DOMA,03,Agbashi,014,OLD POLICE STATION (KOFAR SARKIN OSE OGIRI)
NASARAWA,03,DOMA,04,Doka,001,IZAH (OHINA MADA) OP
NASARAWA,03,DOMA,04,Doka,002,PRIMARY SCHOOL EDIYA (KOFAR SARKIN EDIYA (OP))
NASARAWA,03,DOMA,04,Doka,003,PRI. SCHOOL GIDAN RAI PB
NASARAWA,03,DOMA,04,Doka,004,PRIMARY SCHOOL GIDAN RAI (K/SARKIN GIDAN RAI (OP))
NASARAWA,03,DOMA,04,Doka,005,PRI.SCHOOL IGBABO / MAI DIMBA PB
NASARAWA,03,DOMA,04,Doka,006,AJIMAKA OP
NASARAWA,03,DOMA,04,Doka,007,PRI.SCHOOL IGBABO PB
NASARAWA,03,DOMA,04,Doka,008,TUNGA MANJA OP
NASARAWA,03,DOMA,04,Doka,009,GBAIGO OP
NASARAWA,03,DOMA,04,Doka,010,PRI.SCHOOL DOKA PB
NASARAWA,03,DOMA,04,Doka,011,PRI.SCHOOL ANKOMA PB
NASARAWA,03,DOMA,04,Doka,012,GIDAN DOOGA OP
NASARAWA,03,DOMA,05,Akpanaja,001,K/S AKPANAJA OP
NASARAWA,03,DOMA,05,Akpanaja,002,DAN GALADIMA OP
NASARAWA,03,DOMA,05,Akpanaja,003,LSB AKPANAJA PB
NASARAWA,03,DOMA,05,Akpanaja,004,APRINGBO OP
NASARAWA,03,DOMA,05,Akpanaja,005,OCHEPE OP
NASARAWA,03,DOMA,05,Akpanaja,006,OBENDO OP
NASARAWA,03,DOMA,05,Akpanaja,007,OLEGOKPA OP
NASARAWA,03,DOMA,05,Akpanaja,008,GIDAN BASSA AZAYA OP
NASARAWA,03,DOMA,06,Madaki,001,KOFAR LIMAN OP
NASARAWA,03,DOMA,06,Madaki,002,KOFAR ALARAMA OP
NASARAWA,03,DOMA,06,Madaki,003,GOVERNMENT COLLEGE (ALI ONYEGYUN (OP))
NASARAWA,03,DOMA,06,Madaki,004,KOFAR MADAKI OP
NASARAWA,03,DOMA,06,Madaki,005,KOFAR S.MAKERA OP
NASARAWA,03,DOMA,06,Madaki,006,AKUMBE OP
NASARAWA,03,DOMA,06,Madaki,007,MAKUNGIJI OP
NASARAWA,03,DOMA,06,Madaki,008,KOFAR M.FARI I OP
NASARAWA,03,DOMA,06,Madaki,009,KOFAR M.FARI II OP
NASARAWA,03,DOMA,06,Madaki,010,GIDAN DOGO OP
NASARAWA,03,DOMA,06,Madaki,011,AHUTA OP
NASARAWA,03,DOMA,06,Madaki,012,AKYALAGU OP
NASARAWA,03,DOMA,06,Madaki,013,KOFAR YAKUBU MABO
NASARAWA,03,DOMA,07,Ungwan Sarki Dawaki,001,KOFAR AGINA OP
NASARAWA,03,DOMA,07,Ungwan Sarki Dawaki,002,ANDOMA PRI.SCHOOL PB
NASARAWA,03,DOMA,07,Ungwan Sarki Dawaki,003,KOFAR OSHATA OGANDE OP
NASARAWA,03,DOMA,07,Ungwan Sarki Dawaki,004,UNG.LIMAN OP
NASARAWA,03,DOMA,07,Ungwan Sarki Dawaki,005,KOFAR OLOBU OP
NASARAWA,03,DOMA,07,Ungwan Sarki Dawaki,006,KOFAR BARDE OP
NASARAWA,03,DOMA,07,Ungwan Sarki Dawaki,007,KOFAR GALADIMA OP
NASARAWA,03,DOMA,07,Ungwan Sarki Dawaki,008,OTUGEWO OP
NASARAWA,03,DOMA,07,Ungwan Sarki Dawaki,009,PRI.SCHOOL IWASHI PB
NASARAWA,03,DOMA,07,Ungwan Sarki Dawaki,010,K/SARKIN ALAGYE OP
NASARAWA,03,DOMA,07,Ungwan Sarki Dawaki,011,ODOROGYA OP
NASARAWA,03,DOMA,07,Ungwan Sarki Dawaki,012,K/MAGAJIN GARI OP
NASARAWA,03,DOMA,07,Ungwan Sarki Dawaki,013,K/OSIKPA OP
NASARAWA,03,DOMA,07,Ungwan Sarki Dawaki,014,K/JOHN OGAH OP
NASARAWA,03,DOMA,07,Ungwan Sarki Dawaki,015,K/OSABO AGABI OP
NASARAWA,03,DOMA,08,Madauchi,001,K/MADAUCHI OP
NASARAWA,03,DOMA,08,Madauchi,002,K/LIMAN BAKASHI OP
NASARAWA,03,DOMA,08,Madauchi,003,K/MASSALACHI OP
NASARAWA,03,DOMA,08,Madauchi,004,K/MALLAM YARO OP
NASARAWA,03,DOMA,08,Madauchi,005,K/PAKACHIN DOMA
NASARAWA,03,DOMA,08,Madauchi,006,KAURAN SARKI OP
NASARAWA,03,DOMA,08,Madauchi,007,K/MALLAM ABOKI OP
NASARAWA,03,DOMA,08,Madauchi,008,K/LIMAN GARI OP
NASARAWA,03,DOMA,08,Madauchi,009,K/BABAJI OP
NASARAWA,03,DOMA,08,Madauchi,010,K/ADARA OLOKPA OP
NASARAWA,03,DOMA,08,Madauchi,011,K/ALH.ADAMU UNG. NUPAWA OP
NASARAWA,03,DOMA,08,Madauchi,012,K/OSOGBE OP
NASARAWA,03,DOMA,08,Madauchi,013,KOFAR ALHAJI RILWANU OP
NASARAWA,03,DOMA,09,Ungwan Dan Galadima,001,KOFAR ALHAJI J.LIMAN OP
NASARAWA,03,DOMA,09,Ungwan Dan Galadima,002,KOFAR ALHAJI H. OGU OP
NASARAWA,03,DOMA,09,Ungwan Dan Galadima,003,KOFAR ALHAJI SANI OGAH OP
NASARAWA,03,DOMA,09,Ungwan Dan Galadima,004,KOFAR ALHAJI WAZIRI
NASARAWA,03,DOMA,09,Ungwan Dan Galadima,005,KOFAR A.OKUDU OP
NASARAWA,03,DOMA,09,Ungwan Dan Galadima,006,KOFAR A.ABARI BUNU OP
NASARAWA,03,DOMA,09,Ungwan Dan Galadima,007,KOFAR SANKE
NASARAWA,03,DOMA,09,Ungwan Dan Galadima,008,GIDAN AYA OP
NASARAWA,03,DOMA,09,Ungwan Dan Galadima,009,REST HOUSE PB
NASARAWA,03,DOMA,09,Ungwan Dan Galadima,010,R.C.M PRI.SCHOOL I
NASARAWA,03,DOMA,09,Ungwan Dan Galadima,011,R.C.M PRI.SCHOOL II
NASARAWA,03,DOMA,09,Ungwan Dan Galadima,012,KOFAR OKUBA OP
NASARAWA,03,DOMA,09,Ungwan Dan Galadima,013,OGANDE WURI (KOFAN)
NASARAWA,03,DOMA,09,Ungwan Dan Galadima,014,KOFAR ADEKA SARKI NOMA OP
NASARAWA,03,DOMA,09,Ungwan Dan Galadima,015,KOFAR BABAN KEKE OP
NASARAWA,03,DOMA,10,Sabon Gari,001,K/GIDAN MISSION OP
NASARAWA,03,DOMA,10,Sabon Gari,002,K/OZAYASHI OP
NASARAWA,03,DOMA,10,Sabon Gari,003,KOFAR ALI OKWEPE OP
NASARAWA,03,DOMA,10,Sabon Gari,004,K/SAIDU MAI DOYA OP
NASARAWA,03,DOMA,10,Sabon Gari,005,K/DAN AZUMI OP
NASARAWA,03,DOMA,10,Sabon Gari,006,OTUGOKPO OP
NASARAWA,03,DOMA,10,Sabon Gari,007,K/IBRAHIM AKUKI OP
NASARAWA,03,DOMA,10,Sabon Gari,008,K/ALH.MALLAM OP
NASARAWA,03,DOMA,10,Sabon Gari,009,ALWAZAN MADA OP
NASARAWA,03,DOMA,10,Sabon Gari,010,K/BABAN KAKA OP
NASARAWA,03,DOMA,10,Sabon Gari,011,K/WAKILIN MADA OP
NASARAWA,03,DOMA,10,Sabon Gari,012,KOFAR ALHASSAN TATA OP
NASARAWA,04,KARU,01,Aso / Kodape,001,KODAPE PRI.SCHOOL - PB
NASARAWA,04,KARU,01,Aso / Kodape,002,TUDUN WADA PRI.SCHOOL - PB
NASARAWA,04,KARU,01,Aso / Kodape,003,KUDU LUVU - OP
NASARAWA,04,KARU,01,Aso / Kodape,004,KOYA - OP
NASARAWA,04,KARU,01,Aso / Kodape,005,JEN KOKORO - OP
NASARAWA,04,KARU,01,Aso / Kodape,006,EBBA - OP
NASARAWA,04,KARU,01,Aso / Kodape,007,ASO - OP
NASARAWA,04,KARU,02,Agada/Bagaji,001,BAGAJI PRI.SCHOOL - PB
NASARAWA,04,KARU,02,Agada/Bagaji,002,GIDAN BALA - OP
NASARAWA,04,KARU,02,Agada/Bagaji,003,GIDAN DOGARA - OP
NASARAWA,04,KARU,02,Agada/Bagaji,004,GIDAN GWANDARA - OP
NASARAWA,04,KARU,02,Agada/Bagaji,005,GATAKU - PRIMARY SCHOOL
NASARAWA,04,KARU,02,Agada/Bagaji,006,ANGWAN ZAKARA PRI.SCHOOL
NASARAWA,04,KARU,02,Agada/Bagaji,007,ANGWAN SHAMAKI - OP
NASARAWA,04,KARU,02,Agada/Bagaji,008,GORA PRI.SCHOOL
NASARAWA,04,KARU,02,Agada/Bagaji,009,GUNDUMA PRI.SCHOOL - PB
NASARAWA,04,KARU,02,Agada/Bagaji,010,MADUBI - OP
NASARAWA,04,KARU,02,Agada/Bagaji,011,ANG.TARA PRI.SCHOOL - PB
NASARAWA,04,KARU,02,Agada/Bagaji,012,ARMY BARRACKS O- OP
NASARAWA,04,KARU,02,Agada/Bagaji,013,ANG. SA'AKA/ ZABIRU - OP
NASARAWA,04,KARU,02,Agada/Bagaji,014,DOROWA - OP
NASARAWA,04,KARU,03,Karshi I,001,KWADAKI MARKET SQUARE (KWADAKI)
NASARAWA,04,KARU,03,Karshi I,002,KARSHI LGEA PRI.SCH. (KARSHI PADA)
NASARAWA,04,KARU,03,Karshi I,003,PIYANKO BOLE - OP
NASARAWA,04,KARU,03,Karshi I,004,KARSHI OROZO - OP
NASARAWA,04,KARU,03,Karshi I,005,SHANANA PRI. SCH. (GIDAN SHANANA)
NASARAWA,04,KARU,04,Karshi II,001,KOWA YARDA
NASARAWA,04,KARU,04,Karshi II,002,RAFIN KWARA -OP
NASARAWA,04,KARU,04,Karshi II,003,JIJIPE
NASARAWA,04,KARU,04,Karshi II,004,KURAPE PRIMARY SCHOOL
NASARAWA,04,KARU,04,Karshi II,005,BAKIN KOGI
NASARAWA,04,KARU,04,Karshi II,006,TAKALAFIYA PRIMARY SCHOOL
NASARAWA,04,KARU,04,Karshi II,007,TAKALAFIYA I
NASARAWA,04,KARU,04,Karshi II,008,ARA SABO
NASARAWA,04,KARU,04,Karshi II,009,KWATARMA
NASARAWA,04,KARU,05,Kafin Shanu/Betti,001,GWAYA PRI. SCHOOL - PB
NASARAWA,04,KARU,05,Kafin Shanu/Betti,002,KAWO MAKARANTA - PB
NASARAWA,04,KARU,05,Kafin Shanu/Betti,003,TAKALAFIYA ZAZZAU - OP
NASARAWA,04,KARU,05,Kafin Shanu/Betti,004,TAKALAFIYA FULANI
NASARAWA,04,KARU,05,Kafin Shanu/Betti,005,GWAGWA - 0P
NASARAWA,04,KARU,05,Kafin Shanu/Betti,006,ANG. GWANDARA
NASARAWA,04,KARU,05,Kafin Shanu/Betti,007,ANG. CHEDIYA
NASARAWA,04,KARU,05,Kafin Shanu/Betti,008,ANG. TONI
NASARAWA,04,KARU,05,Kafin Shanu/Betti,009,TSAKANI
NASARAWA,04,KARU,05,Kafin Shanu/Betti,010,DOROWA - OP
NASARAWA,04,KARU,05,Kafin Shanu/Betti,011,BETTI / RUGAN JABA - OP
NASARAWA,04,KARU,05,Kafin Shanu/Betti,012,ANG MALLAM - OP
NASARAWA,04,KARU,05,Kafin Shanu/Betti,013,NIKE PRIMARY SCHOOL - 0P
NASARAWA,04,KARU,06,Tattara/Kondoro,001,TATTARA PRI.SCHOOL I - PB
NASARAWA,04,KARU,06,Tattara/Kondoro,002,TATTARA PRI.SCHOOL II - PB
NASARAWA,04,KARU,06,Tattara/Kondoro,003,ANG. AYABA PRIMARY SCHOOL - OP
NASARAWA,04,KARU,06,Tattara/Kondoro,004,KUDA PRIMARY SCHOOL- OP
NASARAWA,04,KARU,06,Tattara/Kondoro,005,KONDORO YESKWA PRIMARY SCHOOL- OP
NASARAWA,04,KARU,06,Tattara/Kondoro,006,ABUI - OP
NASARAWA,04,KARU,06,Tattara/Kondoro,007,ANKUTA PRI.SCHOOL - PB
NASARAWA,04,KARU,06,Tattara/Kondoro,008,AKWAP - OP
NASARAWA,04,KARU,06,Tattara/Kondoro,009,ASHOT - OP
NASARAWA,04,KARU,06,Tattara/Kondoro,010,KUDA - OP
NASARAWA,04,KARU,06,Tattara/Kondoro,011,KONDORO YESKWA - OP
NASARAWA,04,KARU,06,Tattara/Kondoro,012,KONDORO HAUSAWA
NASARAWA,04,KARU,06,Tattara/Kondoro,013,CAMP - OP
NASARAWA,04,KARU,07,Gitata,001,GITATA PRI.SCHOOL (PB)
NASARAWA,04,KARU,07,Gitata,002,SABON KASUWA GITATA (OP)
NASARAWA,04,KARU,07,Gitata,003,ZANGO PRI.SCHOOL PB
NASARAWA,04,KARU,07,Gitata,004,RAFIN MPAH PRI.SCHOOL (PB)
NASARAWA,04,KARU,07,Gitata,005,TUDUN UKU PRI.SCHOOL (PB)
NASARAWA,04,KARU,07,Gitata,006,CHIMPA AJEYE PRIMARY SCHOOL (OP)
NASARAWA,04,KARU,07,Gitata,007,DAURO PRI.SCHOOL (PB)
NASARAWA,04,KARU,07,Gitata,008,TAKALAFIYA (OP)
NASARAWA,04,KARU,07,Gitata,009,PAPERI PRI.SCHOOL (PB)
NASARAWA,04,KARU,07,Gitata,010,BUZI PRI.SCHOOL (PB)
NASARAWA,04,KARU,08,Gurku/Kabusu,001,GURKU GWANDARA I - OP
NASARAWA,04,KARU,08,Gurku/Kabusu,002,GURKU GWANDARA II - OP
NASARAWA,04,KARU,08,Gurku/Kabusu,003,GURKU GWANDARA III - OP
NASARAWA,04,KARU,08,Gurku/Kabusu,004,GURKU GWARI PRI.SCHOOL - PB
NASARAWA,04,KARU,08,Gurku/Kabusu,005,CHAKUWA PRI.SCHOOL - PB
NASARAWA,04,KARU,08,Gurku/Kabusu,006,KABUSU PRI.SCHOOL - PB
NASARAWA,04,KARU,08,Gurku/Kabusu,007,KPANDA - OP
NASARAWA,04,KARU,08,Gurku/Kabusu,008,MAKURDI -OP
NASARAWA,04,KARU,08,Gurku/Kabusu,009,BAGOJE - OP
NASARAWA,04,KARU,08,Gurku/Kabusu,010,KUGWARU PRI.SCHOOL - PB
NASARAWA,04,KARU,08,Gurku/Kabusu,011,KATANYI PRI.SCHOOL - PB
NASARAWA,04,KARU,08,Gurku/Kabusu,012,GBARANDA PRI.SCHOOL - PB
NASARAWA,04,KARU,09,Uke,001,UKE MAGISTRATE COURT (UKE TAFADA)
NASARAWA,04,KARU,09,Uke,002,ANG. TOFA PRI. SCH. (ANG. TOFA)
NASARAWA,04,KARU,09,Uke,003,GOVT. DAY SEC. SCH. (ANG. TARKO I)
NASARAWA,04,KARU,09,Uke,004,KAMPANI PRI. SCH. (ANG. TARKO II)
NASARAWA,04,KARU,09,Uke,005,SAKA PLAY GROUND (SAKA CHIKIN GARI)
NASARAWA,04,KARU,09,Uke,006,DAMAKASHA PRI. SCH (DAMAKASHA)
NASARAWA,04,KARU,09,Uke,007,GIDAN GIMBA - OP
NASARAWA,04,KARU,09,Uke,008,UKE GARAGE (GIDAN GUMA)
NASARAWA,04,KARU,09,Uke,009,ROGONA PRI. SCH. (GIDAN SARKIN ROGUWA)
NASARAWA,04,KARU,09,Uke,010,ANG. WAJE PHC (SAKA ANG WAJE)
NASARAWA,04,KARU,10,Panda / Kare,001,ANGWAN PA ICHE - OP
NASARAWA,04,KARU,10,Panda / Kare,002,KUBANG - OP
NASARAWA,04,KARU,10,Panda / Kare,003,CHANDAP
NASARAWA,04,KARU,10,Panda / Kare,004,AGO - OP
NASARAWA,04,KARU,10,Panda / Kare,005,KUKAN - OP
NASARAWA,04,KARU,10,Panda / Kare,006,SHINKAFA - PRIMARY SCHOOL
NASARAWA,04,KARU,10,Panda / Kare,007,KARE PRIMARY SCHOOL - OP
NASARAWA,04,KARU,10,Panda / Kare,008,GWALLAJI - OP
NASARAWA,04,KARU,10,Panda / Kare,009,ANG.PA.KORO
NASARAWA,04,KARU,10,Panda / Kare,010,PANDA PRI.SCHOOL - PB
NASARAWA,04,KARU,10,Panda / Kare,011,ANKOMA PRI.SCHOOL - PB
NASARAWA,04,KARU,10,Panda / Kare,012,KUBE PRIMARY SCHOOL - OP
NASARAWA,04,KARU,10,Panda / Kare,013,KOSO - OP
NASARAWA,04,KARU,10,Panda / Kare,014,KUKURI - OP
NASARAWA,04,KARU,10,Panda / Kare,015,JABAN PANDA - OP
NASARAWA,04,KARU,11,Karu,001,KARU CENTRAL PRI.SCHOOL
NASARAWA,04,KARU,11,Karu,002,KARU POLICE STATION JUNCTION - OP
NASARAWA,04,KARU,11,Karu,003,DAGBADNA - OP
NASARAWA,04,KARU,11,Karu,004,KARU MODERN E- LIBRARY (KARU PADA)
NASARAWA,04,KARU,11,Karu,005,NYANYAN GBAGYI PRI.SCHOOL
NASARAWA,04,KARU,11,Karu,006,BAKIN ADO PRI.SCHOOL
NASARAWA,04,KARU,11,Karu,007,MARARABA GARAGE I
NASARAWA,04,KARU,11,Karu,008,MARARABA GARAGE II
NASARAWA,04,KARU,11,Karu,009,NAGISS PREMISES (MARARABA SHARP CONER)
NASARAWA,04,KARU,11,Karu,010,MARARABA WHITE HOUSE - OP
NASARAWA,04,KARU,11,Karu,011,MASAKA PRI.SCHOOL
NASARAWA,04,KARU,11,Karu,012,NSCBUDP PREMISES (MARARABA GARAGE)
NASARAWA,04,KARU,11,Karu,013,NYANYA GWANDARA PRIMARY SCHOOL
NASARAWA,05,KEANA,01,Iwagu,001,ISLAMIYA PRIM. SCHOOL KEANA (KOFAN WONDO)
NASARAWA,05,KEANA,01,Iwagu,002,GIDAN AKOWODO
NASARAWA,05,KEANA,01,Iwagu,003,DISPENSARY IWAGU
NASARAWA,05,KEANA,01,Iwagu,004,KOFAN GALADIMA
NASARAWA,05,KEANA,01,Iwagu,005,ISLAMIYA PRI. SCH (KOFAN GALADIMAS)
NASARAWA,05,KEANA,01,Iwagu,006,KOFAN OLADIYA
NASARAWA,05,KEANA,01,Iwagu,007,LGEA PRIMARY SCHOOL KUDUKU - OP
NASARAWA,05,KEANA,01,Iwagu,008,KOFAN SARKI ONARIKPE (A) - OP
NASARAWA,05,KEANA,01,Iwagu,009,KOFAN SARKI ONARIKPE (B) - OP
NASARAWA,05,KEANA,01,Iwagu,010,KOFAN IBRAHIM ORJI ONARIKPE - OP
NASARAWA,05,KEANA,01,Iwagu,011,KOFAN UGBANJI BASA DOMA - OP
NASARAWA,05,KEANA,02,Amiri,001,LGEA PRIMARY SCHOOL KEANA SOUTH - PB
NASARAWA,05,KEANA,02,Amiri,002,KOFAN SARKI SABO - OP
NASARAWA,05,KEANA,02,Amiri,003,KOFAN IBRAHIM ARIGU - OP
NASARAWA,05,KEANA,02,Amiri,004,KOFAN OTOSHI - OP
NASARAWA,05,KEANA,02,Amiri,005,KOFAN ISHISHI - OP
NASARAWA,05,KEANA,02,Amiri,006,KOFAN OLAKUDU - OP
NASARAWA,05,KEANA,02,Amiri,007,KOFAN CHIATA VILLAGE - OP
NASARAWA,05,KEANA,03,Obene,001,LGEA PRIMARY SCHOOL OBENE (A) - PB I
NASARAWA,05,KEANA,03,Obene,002,LGEA PRIMARY SCHOOL OBENE (B) - PB I
NASARAWA,05,KEANA,03,Obene,003,KOFAN WONDO - OP
NASARAWA,05,KEANA,03,Obene,004,KOFAN DEMKA - OP
NASARAWA,05,KEANA,03,Obene,005,KOFAN OSHAFU - OP
NASARAWA,05,KEANA,03,Obene,006,KOFAN OMOKPA - OP
NASARAWA,05,KEANA,03,Obene,007,GIDAN GBAMMA
NASARAWA,05,KEANA,03,Obene,008,LGEA PRIMARY SCHOOL ULUJI
NASARAWA,05,KEANA,04,Oki,001,CENTRAL PRI.SCHOOL (A) - PB
NASARAWA,05,KEANA,04,Oki,002,KOFAN ZAKI SOLOMON TACIYA VILLAGE PRIMARY SCH. - OP
NASARAWA,05,KEANA,04,Oki,003,KOFAN ISONO - OP I
NASARAWA,05,KEANA,04,Oki,004,KOFAN ABDULLAHI AGADE
NASARAWA,05,KEANA,04,Oki,005,KOFAN OSEKU
NASARAWA,05,KEANA,04,Oki,006,CENTRAL PRIMARY SCHOOL (B)
NASARAWA,05,KEANA,04,Oki,007,KOFAN AYIZEKA
NASARAWA,05,KEANA,04,Oki,008,KOFAN MALLA MAGAJI
NASARAWA,05,KEANA,05,Kadarko,001,LGEA PRIMARY SCHOOL GIDAN SULE
NASARAWA,05,KEANA,05,Kadarko,002,KOFAN BATHALOMI NGAJI SULE
NASARAWA,05,KEANA,05,Kadarko,003,KOFAN ACTOR PHOTOS
NASARAWA,05,KEANA,05,Kadarko,004,LGEA PRIMARY SCHOOL KADARKO NORTH
NASARAWA,05,KEANA,05,Kadarko,005,POLICE STATION KADARKO- PB
NASARAWA,05,KEANA,05,Kadarko,006,KOFAN OSAGEDE
NASARAWA,05,KEANA,05,Kadarko,007,R.C.M PRIMARY SCHOOL KADARKO - PB
NASARAWA,05,KEANA,05,Kadarko,008,LGEA PRIM. SCHOOL SARKIN NOMA (KOFAR MUSA AMAH)
NASARAWA,05,KEANA,05,Kadarko,009,"LGEA PRIMARY SCHOOL, SARKI NOMA"
NASARAWA,05,KEANA,05,Kadarko,010,OLD DISPENSARY KADARKO
NASARAWA,05,KEANA,05,Kadarko,011,KOFAR ANOM
NASARAWA,05,KEANA,06,Kwara,001,KOFAN ABOSHI AKUKI KWARA
NASARAWA,05,KEANA,06,Kwara,002,"KOFAN ABUBAKAR AKUKI, KWARA"
NASARAWA,05,KEANA,06,Kwara,003,CENTRAL PRIMARY SCHOOL KWARA
NASARAWA,05,KEANA,06,Kwara,004,KOFAN SHERIA RENIS
NASARAWA,05,KEANA,06,Kwara,005,LGEA PRIMARY SCHOOL ANSA
NASARAWA,05,KEANA,06,Kwara,006,KOFAN ABAGYO AKUKI
NASARAWA,05,KEANA,06,Kwara,007,KOFAN HATU TUDUN HABU
NASARAWA,05,KEANA,07,Aloshi,001,"LGEA PRIMARY SCHOOL, ALOSHI"
NASARAWA,05,KEANA,07,Aloshi,002,"GOVERNMENT SECONDARY SCHOOL, ALOSHI"
NASARAWA,05,KEANA,07,Aloshi,003,KOFAN SARKI ALOSHI
NASARAWA,05,KEANA,07,Aloshi,004,KOFAN ZARIYA
NASARAWA,05,KEANA,07,Aloshi,005,LGEA PRIMARY SCHOOL PANJOGO
NASARAWA,05,KEANA,07,Aloshi,006,LGEA PRIMARY SCHOOL PANJOGO
NASARAWA,05,KEANA,08,Agaza,001,KOFAN SARKI AGAZA
NASARAWA,05,KEANA,08,Agaza,002,KOFAN IKIWA
NASARAWA,05,KEANA,08,Agaza,003,CENTRAL PRIMARY SCHOOL (A)
NASARAWA,05,KEANA,08,Agaza,004,CENTRAL PRIMARY SCHOOL (B)
NASARAWA,05,KEANA,08,Agaza,005,LGEA PRIMARY SCHOOL ISHOHO
NASARAWA,05,KEANA,08,Agaza,006,LGEA PRIMARY SCHOOL OWENA
NASARAWA,05,KEANA,09,Madaki,001,ARI
NASARAWA,05,KEANA,09,Madaki,002,KOFAN MADAKI
NASARAWA,05,KEANA,09,Madaki,003,KOFAN YUNUSA
NASARAWA,05,KEANA,09,Madaki,004,KOFAN WAKASO
NASARAWA,05,KEANA,09,Madaki,005,KOFAN OZEGYA
NASARAWA,05,KEANA,09,Madaki,006,CENTRAL PRIMARY SCHOOL GIZA (A)
NASARAWA,05,KEANA,09,Madaki,007,CENTRAL PRIMARY SCHOOL GIZA (B)
NASARAWA,05,KEANA,09,Madaki,008,"LGEA PRIMARY SCHOOL, KALACHI"
NASARAWA,05,KEANA,09,Madaki,009,"LGEA PRIMARY SCHOOL, AJO"
NASARAWA,05,KEANA,10,Giza Galadima,001,KOFAN SARKI UMARU
NASARAWA,05,KEANA,10,Giza Galadima,002,KOFAN ISEKE
NASARAWA,05,KEANA,10,Giza Galadima,003,KOFAN MADAKI AGBO
NASARAWA,05,KEANA,10,Giza Galadima,004,KOFAN SARKI ORUME
NASARAWA,05,KEANA,10,Giza Galadima,005,KOFAN MAMMAN
NASARAWA,05,KEANA,10,Giza Galadima,006,LGEA PRIMARY SCHOOL GIZA WEST (A)
NASARAWA,05,KEANA,10,Giza Galadima,007,LGEA PRIMARY SCHOOL GIZA WEST (B)
NASARAWA,05,KEANA,10,Giza Galadima,008,"LGEA PRIMARY SCHOOL, KPALEV"
NASARAWA,06,KEFFI,01,Angwan Iya I,001,KOFAR MALLAM SADAU - OP
NASARAWA,06,KEFFI,01,Angwan Iya I,002,KOFAR HAUSA PRI. SCH.- PB
NASARAWA,06,KEFFI,01,Angwan Iya I,003,KOFAR HAUSA PRI. SCH. (OPP TOTAL FILLING STATION) - PB
NASARAWA,06,KEFFI,01,Angwan Iya I,004,ANGWAN KAURA PRI. SCH.- PB
NASARAWA,06,KEFFI,01,Angwan Iya I,005,GINDIN DUTSE - OP
NASARAWA,06,KEFFI,01,Angwan Iya I,006,ANG FADAMA - OP
NASARAWA,06,KEFFI,02,Angwan Iya II,001,KAROFI - OP
NASARAWA,06,KEFFI,02,Angwan Iya II,002,YELWAN BARAU - OP
NASARAWA,06,KEFFI,02,Angwan Iya II,003,KONGO - OP
NASARAWA,06,KEFFI,02,Angwan Iya II,004,GANGAREN KAROFI - OP
NASARAWA,06,KEFFI,02,Angwan Iya II,005,YELWAN BELLO - OP
NASARAWA,06,KEFFI,02,Angwan Iya II,006,YELWAN TOFA - OP
NASARAWA,06,KEFFI,03,Tudun Kofa T.V,001,PADA - OP
NASARAWA,06,KEFFI,03,Tudun Kofa T.V,002,PRISON SERVICE
NASARAWA,06,KEFFI,03,Tudun Kofa T.V,003,KADARKO - OP
NASARAWA,06,KEFFI,03,Tudun Kofa T.V,004,TUDUN KOFA - OP
NASARAWA,06,KEFFI,03,Tudun Kofa T.V,005,L.G.C GUEST HOUSE - OP
NASARAWA,06,KEFFI,03,Tudun Kofa T.V,006,ANG. NUPAWA - OP
NASARAWA,06,KEFFI,03,Tudun Kofa T.V,007,KOFAR SALLAU MODIBBO - OP
NASARAWA,06,KEFFI,04,Gangare Tudu,001,GANGAREN TUDU - OP
NASARAWA,06,KEFFI,04,Gangare Tudu,002,ANG.TIV - OP
NASARAWA,06,KEFFI,04,Gangare Tudu,003,GANGAREN MASAKA - OP
NASARAWA,06,KEFFI,04,Gangare Tudu,004,KOFAR ALH. AHMADU SABON GARI
NASARAWA,06,KEFFI,04,Gangare Tudu,005,ANG. WAJE - OP
NASARAWA,06,KEFFI,04,Gangare Tudu,006,TUDUN WADA - OP
NASARAWA,06,KEFFI,05,Keffi Town East / Kofar Goriya,001,KOFAR GORIYA - OP
NASARAWA,06,KEFFI,05,Keffi Town East / Kofar Goriya,002,KOFAR KOKONA - OP
NASARAWA,06,KEFFI,05,Keffi Town East / Kofar Goriya,003,G.T.C. GATE - OP
NASARAWA,06,KEFFI,05,Keffi Town East / Kofar Goriya,004,ST.PETERS - PB
NASARAWA,06,KEFFI,05,Keffi Town East / Kofar Goriya,005,HOSPITAL GATE - OP
NASARAWA,06,KEFFI,05,Keffi Town East / Kofar Goriya,006,BAPTIST PRI.SCHOOL - PB
NASARAWA,06,KEFFI,05,Keffi Town East / Kofar Goriya,007,SABON LAYI TA GABAS - OP
NASARAWA,06,KEFFI,05,Keffi Town East / Kofar Goriya,008,ANG. NEPA - OP
NASARAWA,06,KEFFI,06,Yara,001,YARA - OP
NASARAWA,06,KEFFI,06,Yara,002,YARA - ZANA - OP
NASARAWA,06,KEFFI,06,Yara,003,GANGAREN YARA - OP
NASARAWA,06,KEFFI,06,Yara,004,SABON LAYI TA YAMMA - OP
NASARAWA,06,KEFFI,06,Yara,005,TSOHON TASHA - OP
NASARAWA,06,KEFFI,06,Yara,006,AHMADU MAIKWATO - PB
NASARAWA,06,KEFFI,06,Yara,007,BAKIN KASUWA - OP
NASARAWA,06,KEFFI,07,Ang. Rimi,001,ECWA PRI.SCHOOL - PB
NASARAWA,06,KEFFI,07,Ang. Rimi,002,ECWA PRIMARY SCHOOL
NASARAWA,06,KEFFI,07,Ang. Rimi,003,KOFAR G/LIMAN - OP
NASARAWA,06,KEFFI,07,Ang. Rimi,004,MAKERA - OP
NASARAWA,06,KEFFI,07,Ang. Rimi,005,ANG.RIMI - OP
NASARAWA,06,KEFFI,07,Ang. Rimi,006,ANG.M'ADA - OP
NASARAWA,06,KEFFI,07,Ang. Rimi,007,POLICE STATION - PB
NASARAWA,06,KEFFI,07,Ang. Rimi,008,KOFAR MASA
NASARAWA,06,KEFFI,07,Ang. Rimi,009,G.R.A (G.C) - PB
NASARAWA,06,KEFFI,07,Ang. Rimi,010,GRA (A.I) - PB
NASARAWA,06,KEFFI,07,Ang. Rimi,011,KOFAR NA MALAMA - PB
NASARAWA,06,KEFFI,08,Sabon Gari,001,SABON GARI PRI. SCHOOL - PB I
NASARAWA,06,KEFFI,08,Sabon Gari,002,SABON GARI PRI.SCHOOL - PB II
NASARAWA,06,KEFFI,08,Sabon Gari,003,YARKADE PRI.SCHOOL - PB
NASARAWA,06,KEFFI,08,Sabon Gari,004,GAUTA - OP
NASARAWA,06,KEFFI,08,Sabon Gari,005,SAURA - OP
NASARAWA,06,KEFFI,09,Jigwada,001,JIGWADA - OP
NASARAWA,06,KEFFI,09,Jigwada,002,ANG. JABA
NASARAWA,06,KEFFI,09,Jigwada,003,SABON GIDA - OP
NASARAWA,06,KEFFI,09,Jigwada,004,B.C.G - OP
NASARAWA,06,KEFFI,09,Jigwada,005,KAIBO MADA PRI.SCHOOL
NASARAWA,06,KEFFI,10,Liman Abaji,001,KOFAR ALKALI MOUKTAR - OP
NASARAWA,06,KEFFI,10,Liman Abaji,002,KOFAR M/LADAN - OP
NASARAWA,06,KEFFI,10,Liman Abaji,003,TSOHON KASUWA TA GABAS - OP
NASARAWA,06,KEFFI,10,Liman Abaji,004,YANKARI - OP
NASARAWA,06,KEFFI,10,Liman Abaji,005,KOFAR HAUSA TA GABAS - OP
NASARAWA,06,KEFFI,10,Liman Abaji,006,GANGAREN ABOKI - OP
NASARAWA,06,KEFFI,10,Liman Abaji,007,GANGAREN ABOKI
NASARAWA,07,KOKONA,01,Agwada,001,AGABA
NASARAWA,07,KOKONA,01,Agwada,002,AGBOYA
NASARAWA,07,KOKONA,01,Agwada,003,AGAIDE
NASARAWA,07,KOKONA,01,Agwada,004,ENDO/ENDO MADAKI
NASARAWA,07,KOKONA,01,Agwada,005,AGBODE
NASARAWA,07,KOKONA,01,Agwada,006,AGBAGYA
NASARAWA,07,KOKONA,01,Agwada,007,IGWO SARKI
NASARAWA,07,KOKONA,01,Agwada,008,IGWO MADAKI
NASARAWA,07,KOKONA,01,Agwada,009,AGAZA
NASARAWA,07,KOKONA,01,Agwada,010,JENTAR
NASARAWA,07,KOKONA,01,Agwada,011,ANG/ARUME
NASARAWA,07,KOKONA,02,Koya / Kana,001,KANA
NASARAWA,07,KOKONA,02,Koya / Kana,002,SHATA
NASARAWA,07,KOKONA,02,Koya / Kana,003,ESSA/BISA
NASARAWA,07,KOKONA,02,Koya / Kana,004,ASAYI
NASARAWA,07,KOKONA,02,Koya / Kana,005,OKEPA
NASARAWA,07,KOKONA,02,Koya / Kana,006,APAWU / KWARA
NASARAWA,07,KOKONA,02,Koya / Kana,007,AGBOWA
NASARAWA,07,KOKONA,02,Koya / Kana,008,ONUGBA
NASARAWA,07,KOKONA,02,Koya / Kana,009,OZOKU/EGBE
NASARAWA,07,KOKONA,02,Koya / Kana,010,KOLU IDETE
NASARAWA,07,KOKONA,02,Koya / Kana,011,ORIKI
NASARAWA,07,KOKONA,02,Koya / Kana,012,OGBOLO
NASARAWA,07,KOKONA,02,Koya / Kana,013,ERIGO
NASARAWA,07,KOKONA,03,Bassa,001,BASSA PRI.SCHOOL
NASARAWA,07,KOKONA,03,Bassa,002,BASSA HAUSAWA
NASARAWA,07,KOKONA,03,Bassa,003,BASSA MISSION
NASARAWA,07,KOKONA,03,Bassa,004,ANG / JALLA/
NASARAWA,07,KOKONA,03,Bassa,005,ANG / WAJE /
NASARAWA,07,KOKONA,03,Bassa,006,UKE BASSA
NASARAWA,07,KOKONA,03,Bassa,007,JIGAWA
NASARAWA,07,KOKONA,04,Kokona,001,KOKONA PRIMARY SCHOOL
NASARAWA,07,KOKONA,04,Kokona,002,ANGUWA DOKA
NASARAWA,07,KOKONA,04,Kokona,003,SABON GIDA
NASARAWA,07,KOKONA,04,Kokona,004,PAM / SANGO BARAU
NASARAWA,07,KOKONA,04,Kokona,005,ANGUWA PAH
NASARAWA,07,KOKONA,04,Kokona,006,BOKOKO
NASARAWA,07,KOKONA,04,Kokona,007,KARU MADA
NASARAWA,07,KOKONA,04,Kokona,008,UNG. MALAM MAGAJI
NASARAWA,07,KOKONA,05,Kofar Gwari,001,KOFAR GWARI CLINIC (KOFAR GWARI)
NASARAWA,07,KOKONA,05,Kofar Gwari,002,K/GWARI PRI.SCH./
NASARAWA,07,KOKONA,05,Kofar Gwari,003,SHABU
NASARAWA,07,KOKONA,05,Kofar Gwari,004,JAMAA GAYAN
NASARAWA,07,KOKONA,05,Kofar Gwari,005,ANG.TSIRA
NASARAWA,07,KOKONA,05,Kofar Gwari,006,DOKAR DAJI
NASARAWA,07,KOKONA,05,Kofar Gwari,007,BAKIN AYINI I
NASARAWA,07,KOKONA,05,Kofar Gwari,008,BAKIN AYINI II
NASARAWA,07,KOKONA,06,Ninkoro,001,AJUYE
NASARAWA,07,KOKONA,06,Ninkoro,002,MAI KURADA LAMINGA
NASARAWA,07,KOKONA,06,Ninkoro,003,MOROA I
NASARAWA,07,KOKONA,06,Ninkoro,004,MOROA II
NASARAWA,07,KOKONA,06,Ninkoro,005,MOROA III
NASARAWA,07,KOKONA,06,Ninkoro,006,NINKORO
NASARAWA,07,KOKONA,06,Ninkoro,007,AMBASI
NASARAWA,07,KOKONA,06,Ninkoro,008,KODON GWANDARA
NASARAWA,07,KOKONA,06,Ninkoro,009,GIDAN ALLAN
NASARAWA,07,KOKONA,06,Ninkoro,010,ANG/SARKI
NASARAWA,07,KOKONA,06,Ninkoro,011,SAURA KIRYA
NASARAWA,07,KOKONA,07,Hadari,001,HADARI
NASARAWA,07,KOKONA,07,Hadari,002,MAHUTA
NASARAWA,07,KOKONA,07,Hadari,003,ANG.MAISAURI
NASARAWA,07,KOKONA,07,Hadari,004,ANG.JARMAI
NASARAWA,07,KOKONA,07,Hadari,005,MANTE
NASARAWA,07,KOKONA,07,Hadari,006,MARKE
NASARAWA,07,KOKONA,07,Hadari,007,SABON GIDA
NASARAWA,07,KOKONA,07,Hadari,008,MAYO
NASARAWA,07,KOKONA,07,Hadari,009,KURAME I
NASARAWA,07,KOKONA,07,Hadari,010,KURAME II
NASARAWA,07,KOKONA,07,Hadari,011,YELWA MAITABA
NASARAWA,07,KOKONA,07,Hadari,012,KUDAMI
NASARAWA,07,KOKONA,08,Dari,001,DARI PRI.SCHOOL I
NASARAWA,07,KOKONA,08,Dari,002,DARI PRI.SCHOOL II
NASARAWA,07,KOKONA,08,Dari,003,AMAHA
NASARAWA,07,KOKONA,08,Dari,004,ARUSU I
NASARAWA,07,KOKONA,08,Dari,005,ARUSU II
NASARAWA,07,KOKONA,08,Dari,006,GURKU
NASARAWA,07,KOKONA,08,Dari,007,GURKU ASOSO
NASARAWA,07,KOKONA,08,Dari,008,ANGORO
NASARAWA,07,KOKONA,08,Dari,009,MANDARA
NASARAWA,07,KOKONA,09,Amba,001,AMBA PRI.SCHOOL
NASARAWA,07,KOKONA,09,Amba,002,AMBA/KYABISI
NASARAWA,07,KOKONA,09,Amba,003,OKPAKE I
NASARAWA,07,KOKONA,09,Amba,004,KANDERE
NASARAWA,07,KOKONA,09,Amba,005,SABON RUWA
NASARAWA,07,KOKONA,09,Amba,006,ANG/KUKA I
NASARAWA,07,KOKONA,09,Amba,007,ANG/KUKA II
NASARAWA,07,KOKONA,10,Garaku,001,GARAKU PRIMARY SCHOOL I
NASARAWA,07,KOKONA,10,Garaku,002,GARAKU PRIMARY SCHOOL II
NASARAWA,07,KOKONA,10,Garaku,003,AGABA
NASARAWA,07,KOKONA,10,Garaku,004,OTUTU PRI. SCH. GARAKU (KOFAR MAGAJI ALADE)
NASARAWA,07,KOKONA,10,Garaku,005,FEGYEN ANGWA
NASARAWA,07,KOKONA,10,Garaku,006,ANG/GIMBA
NASARAWA,07,KOKONA,10,Garaku,007,TATTARA
NASARAWA,07,KOKONA,10,Garaku,008,ANG./HABU
NASARAWA,07,KOKONA,10,Garaku,009,ANG./TAKWA
NASARAWA,07,KOKONA,10,Garaku,010,KURMIN SHINKAFA
NASARAWA,07,KOKONA,10,Garaku,011,KUBERE PRIMARY SCH.(KUBERE OPEN SPACE
NASARAWA,07,KOKONA,10,Garaku,012,ANG.BARAU
NASARAWA,07,KOKONA,10,Garaku,013,ANG/MAINA - SARA
NASARAWA,07,KOKONA,10,Garaku,014,KAMA MADAKI PRI SCH (KAMA MADAKI OPEN SPACE)
NASARAWA,07,KOKONA,11,Yelwa,001,YELWA
NASARAWA,07,KOKONA,11,Yelwa,002,SABON PEGI
NASARAWA,07,KOKONA,11,Yelwa,003,SAKWATO
NASARAWA,07,KOKONA,11,Yelwa,004,AKWARE
NASARAWA,07,KOKONA,11,Yelwa,005,AFO RAMU
NASARAWA,07,KOKONA,11,Yelwa,006,RUWAN DOMA
NASARAWA,07,KOKONA,11,Yelwa,007,TASHINE
NASARAWA,08,LAFIA,01,Adogi,001,ADOGI PRI.SCHOOL - PB
NASARAWA,08,LAFIA,01,Adogi,002,K/ASHARA - OP
NASARAWA,08,LAFIA,01,Adogi,003,DISPENSARY - PB
NASARAWA,08,LAFIA,01,Adogi,004,UNG.MUSA - OP
NASARAWA,08,LAFIA,01,Adogi,005,UNG.AMADI - OP
NASARAWA,08,LAFIA,01,Adogi,006,AGYARAGU KORO - OP
NASARAWA,08,LAFIA,01,Adogi,007,KIRAYI - OP
NASARAWA,08,LAFIA,01,Adogi,008,AKURA PRI.SCHOOL - PB
NASARAWA,08,LAFIA,01,Adogi,009,AKURA READING ROOM
NASARAWA,08,LAFIA,01,Adogi,010,DUNGU PRI.SCHOOL - PB
NASARAWA,08,LAFIA,01,Adogi,011,UNG.KWARRA - OP
NASARAWA,08,LAFIA,01,Adogi,012,K/TSAKUWA - OP
NASARAWA,08,LAFIA,01,Adogi,013,ADOGI PRI.SCHOOL - PB
NASARAWA,08,LAFIA,01,Adogi,014,"L.E.A PRIMARY SCHOOL, AGORI (ABU)"
NASARAWA,08,LAFIA,02,Agyaragun Tofa,001,BUKAR TAMBARI
NASARAWA,08,LAFIA,02,Agyaragun Tofa,002,BUKAR MAGAYAKI
NASARAWA,08,LAFIA,02,Agyaragun Tofa,003,UNG. DANJUMA
NASARAWA,08,LAFIA,02,Agyaragun Tofa,004,UNG. UBANDOMA
NASARAWA,08,LAFIA,02,Agyaragun Tofa,005,UNG. UBANDOMA
NASARAWA,08,LAFIA,02,Agyaragun Tofa,006,UNG. ALH. YAKUBU I
NASARAWA,08,LAFIA,02,Agyaragun Tofa,007,UNG. ALH. YAKUBU II
NASARAWA,08,LAFIA,02,Agyaragun Tofa,008,UNG. ALH. YAKUBU - OP
NASARAWA,08,LAFIA,02,Agyaragun Tofa,009,UNG.ALH.YAHAYA
NASARAWA,08,LAFIA,02,Agyaragun Tofa,010,BUKAN BUZU
NASARAWA,08,LAFIA,02,Agyaragun Tofa,011,BUKAN BURGA
NASARAWA,08,LAFIA,02,Agyaragun Tofa,012,BUKAN ALLU - OP
NASARAWA,08,LAFIA,02,Agyaragun Tofa,013,BUKAN ASHARA - OP
NASARAWA,08,LAFIA,02,Agyaragun Tofa,014,TUDUN WADA - OP
NASARAWA,08,LAFIA,02,Agyaragun Tofa,015,KAYARDA KOFAR SARKI- OP
NASARAWA,08,LAFIA,02,Agyaragun Tofa,016,UNG. ALH. SAIDU
NASARAWA,08,LAFIA,02,Agyaragun Tofa,017,MADAGWA WATTA
NASARAWA,08,LAFIA,02,Agyaragun Tofa,018,SABON KAYARDA
NASARAWA,08,LAFIA,02,Agyaragun Tofa,019,KOFAR SARKI I
NASARAWA,08,LAFIA,02,Agyaragun Tofa,020,KOFAR SARKI II
NASARAWA,08,LAFIA,02,Agyaragun Tofa,021,MARARABA KAYARDA - OP
NASARAWA,08,LAFIA,02,Agyaragun Tofa,022,TUDUN OKPU - OP
NASARAWA,08,LAFIA,02,Agyaragun Tofa,023,KAYARDA (VIEWING CENTRE)
NASARAWA,08,LAFIA,02,Agyaragun Tofa,024,TUDUN ABOSHON - OP
NASARAWA,08,LAFIA,03,Bakin Rijiya/Akurba/Sarkin Pada,001,AKURBA PRI.SCHOOL - PB
NASARAWA,08,LAFIA,03,Bakin Rijiya/Akurba/Sarkin Pada,002,UNG MAGAJI - OP
NASARAWA,08,LAFIA,03,Bakin Rijiya/Akurba/Sarkin Pada,003,UNG RERE PRI.SCHOOL - PB
NASARAWA,08,LAFIA,03,Bakin Rijiya/Akurba/Sarkin Pada,004,K/SARKI B/RIJIYA - OP
NASARAWA,08,LAFIA,03,Bakin Rijiya/Akurba/Sarkin Pada,005,K/MAL/B/RIJIYA - OP
NASARAWA,08,LAFIA,03,Bakin Rijiya/Akurba/Sarkin Pada,006,KAS/DOYA/B/RIJIYA - OP
NASARAWA,08,LAFIA,03,Bakin Rijiya/Akurba/Sarkin Pada,007,"L.E.A PRIMARY SCHOOL, ALAKYO (ALAKYO)"
NASARAWA,08,LAFIA,03,Bakin Rijiya/Akurba/Sarkin Pada,008,ARUGBA - OP
NASARAWA,08,LAFIA,03,Bakin Rijiya/Akurba/Sarkin Pada,009,"L.E.A PRIMARY SCHOOL, ASONYE (UNG.RERE ASONYE)"
NASARAWA,08,LAFIA,03,Bakin Rijiya/Akurba/Sarkin Pada,010,BUKAN SIDI PRI.SCHOOL - PB I
NASARAWA,08,LAFIA,03,Bakin Rijiya/Akurba/Sarkin Pada,011,BUKAN SIDI PRI.SCHOOL - PB II
NASARAWA,08,LAFIA,03,Bakin Rijiya/Akurba/Sarkin Pada,012,KURIKYO - OP
NASARAWA,08,LAFIA,03,Bakin Rijiya/Akurba/Sarkin Pada,013,GOVT.COLLEGE LAFIA - PB
NASARAWA,08,LAFIA,03,Bakin Rijiya/Akurba/Sarkin Pada,014,AKASSA - OP
NASARAWA,08,LAFIA,03,Bakin Rijiya/Akurba/Sarkin Pada,015,"L.E.A PRIMARY SCHOOL, FEFERUWA (FEFERUWA)"
NASARAWA,08,LAFIA,03,Bakin Rijiya/Akurba/Sarkin Pada,016,"L.E.A PRI. SCHOOL, ASHAKPA (ASHAKPA)"
NASARAWA,08,LAFIA,03,Bakin Rijiya/Akurba/Sarkin Pada,017,BUKAN SIDI PRIMARY SCHOOL
NASARAWA,08,LAFIA,04,Arikya,001,ARIKYA PRI.SCHOOL - PB I
NASARAWA,08,LAFIA,04,Arikya,002,ARIKYA DISPENSARY - PB II
NASARAWA,08,LAFIA,04,Arikya,003,ARIKYA DISPENSARY - PB III
NASARAWA,08,LAFIA,04,Arikya,004,KUNGRA TOFA - OP
NASARAWA,08,LAFIA,04,Arikya,005,WUJI - OP
NASARAWA,08,LAFIA,04,Arikya,006,FADAMA PRI.SCHOOL - PB
NASARAWA,08,LAFIA,04,Arikya,007,FADAMA K/SARKI - OP
NASARAWA,08,LAFIA,04,Arikya,008,AGBULAGUN ALH.YAKUBU - OP
NASARAWA,08,LAFIA,04,Arikya,009,KADAURA UNG.DOGO - OP
NASARAWA,08,LAFIA,04,Arikya,010,KAMPANI - OP
NASARAWA,08,LAFIA,04,Arikya,011,KUNGRA WAYO - OP
NASARAWA,08,LAFIA,04,Arikya,012,ARUGBADU PRI.SCHOOL - OP
NASARAWA,08,LAFIA,04,Arikya,013,ARUGBADU UNG.SARKI - OP
NASARAWA,08,LAFIA,04,Arikya,014,AGYABAWA - OP
NASARAWA,08,LAFIA,04,Arikya,015,FEFERUWA - OP
NASARAWA,08,LAFIA,04,Arikya,016,SHUKKU - OP
NASARAWA,08,LAFIA,04,Arikya,017,"L.E.A PRIMARY SCHOOL, GALLO (GALLO)"
NASARAWA,08,LAFIA,04,Arikya,018,"L.E.A PRIMARY SCHOOL, MANKWAR (MANKWAR)"
NASARAWA,08,LAFIA,04,Arikya,019,"L.E.A PRIMARY SCHOOL, JIBEL (JIBEL)"
NASARAWA,08,LAFIA,05,Assakio,001,READING ROOM - PB I
NASARAWA,08,LAFIA,05,Assakio,002,READING ROOM - PB II
NASARAWA,08,LAFIA,05,Assakio,003,KOFAR MADAKI - OP
NASARAWA,08,LAFIA,05,Assakio,004,KOFAR SARKI - OP
NASARAWA,08,LAFIA,05,Assakio,005,SUM PRI.SCHOOL - ASSAKIO PB
NASARAWA,08,LAFIA,05,Assakio,006,KOFAR AKIKA - OP
NASARAWA,08,LAFIA,05,Assakio,007,ASHIGOGO PRI.SCHOOL - PB
NASARAWA,08,LAFIA,05,Assakio,008,DISPENSARY - PB
NASARAWA,08,LAFIA,05,Assakio,009,DISPENSARY
NASARAWA,08,LAFIA,05,Assakio,010,GIDAN GAMBO - OP
NASARAWA,08,LAFIA,05,Assakio,011,TUNGA PRI.SCHOOL - PB
NASARAWA,08,LAFIA,05,Assakio,012,TUNGA GIDAN ABASHIYA - OP
NASARAWA,08,LAFIA,05,Assakio,013,GIDAN AKAAVE - OP
NASARAWA,08,LAFIA,05,Assakio,014,S/GIDA/KOFAR SARKI - OP
NASARAWA,08,LAFIA,05,Assakio,015,SABON GIDA PRI.SCHOOL - PB
NASARAWA,08,LAFIA,05,Assakio,016,GIDAN NYITSE - OP
NASARAWA,08,LAFIA,05,Assakio,017,GIDAN CHIA - OP
NASARAWA,08,LAFIA,05,Assakio,018,AKUNI PRI.SCHOOL - PB
NASARAWA,08,LAFIA,05,Assakio,019,ASSAKIO GARAGE
NASARAWA,08,LAFIA,06,Ashigie,001,ASHIGE PRI.SCHOOL
NASARAWA,08,LAFIA,06,Ashigie,002,ASHIGE KOFAR SARKI - OP
NASARAWA,08,LAFIA,06,Ashigie,003,ASHANGWA PRI.SCHOOL - PB
NASARAWA,08,LAFIA,06,Ashigie,004,INGILA - OP
NASARAWA,08,LAFIA,06,Ashigie,005,ALAWAGANA PRI.SCHOOL - PB
NASARAWA,08,LAFIA,06,Ashigie,006,GIDAN BUBA PRI.SCHOOL - PB
NASARAWA,08,LAFIA,06,Ashigie,007,GIDAN BUBA K / YAHUZA
NASARAWA,08,LAFIA,06,Ashigie,008,KIBA PRI.SCHOOL - PB
NASARAWA,08,LAFIA,06,Ashigie,009,"L.E.A PRIMARY SCHOOL, ZAGYO (UNG.KORO ASHIGE)"
NASARAWA,08,LAFIA,06,Ashigie,010,AKUNZA ASHIGE - OP
NASARAWA,08,LAFIA,06,Ashigie,011,UGAH PRI.SCSHOOL - PB
NASARAWA,08,LAFIA,06,Ashigie,012,UGAH K/SARKI - OP
NASARAWA,08,LAFIA,06,Ashigie,013,UGAH WEST - OP
NASARAWA,08,LAFIA,06,Ashigie,014,"L.E.A PRIMARY SCHOOL, UNG.MADAKI (UGAH UNG. MADAKI"
NASARAWA,08,LAFIA,06,Ashigie,015,"L.E.A PRIMARY SCHOOL, UNG.MISSION (UNG.MISSION)"
NASARAWA,08,LAFIA,06,Ashigie,016,TUNGAN DAUDU - OP
NASARAWA,08,LAFIA,06,Ashigie,017,TUNGAN DAUDU PRI.SCHOOL - PB
NASARAWA,08,LAFIA,06,Ashigie,018,F/BAUNA SOUTH K/SARKI - OP
NASARAWA,08,LAFIA,06,Ashigie,019,F/BAUNA SOUTH PRI.SCHOOL
NASARAWA,08,LAFIA,06,Ashigie,020,GIDAN ADAMU AGYO - OP
NASARAWA,08,LAFIA,06,Ashigie,021,GWAYAKA PRI.SCH. - PB
NASARAWA,08,LAFIA,06,Ashigie,022,UNG.GARBA GWAYAKA - OP
NASARAWA,08,LAFIA,06,Ashigie,023,ALINGANI PRI.SCHOOL - PB
NASARAWA,08,LAFIA,06,Ashigie,024,KIGUNA PRI.SCHOOL - PB
NASARAWA,08,LAFIA,06,Ashigie,025,UNG.DOMARK KIGUNA - OP
NASARAWA,08,LAFIA,07,Chiroma,001,KOFAR FADA - OP
NASARAWA,08,LAFIA,07,Chiroma,002,KOFAR SANDA - OP
NASARAWA,08,LAFIA,07,Chiroma,003,KOFAR GABAS - OP
NASARAWA,08,LAFIA,07,Chiroma,004,UNG.DOKA 4 - OP
NASARAWA,08,LAFIA,07,Chiroma,005,UNG.DOKA 5 - OP
NASARAWA,08,LAFIA,07,Chiroma,006,UNG.DOKA 6 - OP
NASARAWA,08,LAFIA,07,Chiroma,007,UNG.DILLALE - OP
NASARAWA,08,LAFIA,07,Chiroma,008,GINDIN LEMU - OP
NASARAWA,08,LAFIA,07,Chiroma,009,WADATA - OP
NASARAWA,08,LAFIA,07,Chiroma,010,KOFAR ALH. YAU - OP
NASARAWA,08,LAFIA,07,Chiroma,011,UNG. WAJEN LALLE - OP
NASARAWA,08,LAFIA,07,Chiroma,012,KOFAR NGOZI - OP
NASARAWA,08,LAFIA,07,Chiroma,013,KOFAR UBANDOMA - OP
NASARAWA,08,LAFIA,07,Chiroma,014,KOFAR SHUAYAU - OP
NASARAWA,08,LAFIA,07,Chiroma,015,KOFAR YAKUBU IKEDI - OP
NASARAWA,08,LAFIA,07,Chiroma,016,KOFAR LIMAN JABA - OP
NASARAWA,08,LAFIA,07,Chiroma,017,KOFAR BABAN KAKA - OP
NASARAWA,08,LAFIA,07,Chiroma,018,KOFAR IDI GWAMNATI - OP
NASARAWA,08,LAFIA,07,Chiroma,019,K / SARKI ORGANIZER - OP
NASARAWA,08,LAFIA,07,Chiroma,020,K / MAIGARI MAIKIFI - OP
NASARAWA,08,LAFIA,07,Chiroma,021,UNG TIV - OP
NASARAWA,08,LAFIA,07,Chiroma,022,K/DANBURAM C - OP
NASARAWA,08,LAFIA,07,Chiroma,023,K/DANBURAM D - OP
NASARAWA,08,LAFIA,07,Chiroma,024,TUDUN KAWARI - OP
NASARAWA,08,LAFIA,07,Chiroma,025,"L.E.A PRIMARY SCHOOL, MAIJIKIN PAPER (KOFAR SARKIN AZARA)"
NASARAWA,08,LAFIA,07,Chiroma,026,K/ISA UGAH - OP
NASARAWA,08,LAFIA,07,Chiroma,027,MAKABARTA - OP
NASARAWA,08,LAFIA,07,Chiroma,028,PLATEAU LAB - OP
NASARAWA,08,LAFIA,07,Chiroma,029,LOW COST - OP
NASARAWA,08,LAFIA,07,Chiroma,030,PROJECT - OP
NASARAWA,08,LAFIA,07,Chiroma,031,MAMAN YARO - OP
NASARAWA,08,LAFIA,07,Chiroma,032,UNG.MANGU - OP
NASARAWA,08,LAFIA,07,Chiroma,033,BUKAN HABU - OP
NASARAWA,08,LAFIA,07,Chiroma,034,KOFAR M/ZAILANI - OP
NASARAWA,08,LAFIA,07,Chiroma,035,K/JOHN KYARI - OP
NASARAWA,08,LAFIA,07,Chiroma,036,NASARAWA HOUSING ESTATE - OP
NASARAWA,08,LAFIA,07,Chiroma,037,MILLIONAIRE'S QUARTERS
NASARAWA,08,LAFIA,08,Gayam,001,KOFAN GAYAM - OP
NASARAWA,08,LAFIA,08,Gayam,002,KOFAN TAFIDA - OP
NASARAWA,08,LAFIA,08,Gayam,003,KOFAN ALH.BELLO - OP
NASARAWA,08,LAFIA,08,Gayam,004,K/WAMBAI - OP
NASARAWA,08,LAFIA,08,Gayam,005,K/S PADA - OP
NASARAWA,08,LAFIA,08,Gayam,006,ANG.WAJEN RABO - OP
NASARAWA,08,LAFIA,08,Gayam,007,ANG.SARDAUNA - OP
NASARAWA,08,LAFIA,08,Gayam,008,ANG.SARDAUNA - LAMINO - OP
NASARAWA,08,LAFIA,08,Gayam,009,ANG. MAILAFIYA - OP
NASARAWA,08,LAFIA,08,Gayam,010,ANG. YAHAYA SABO - OP
NASARAWA,08,LAFIA,08,Gayam,011,ANG. MAGAJIN MALLAM I OP
NASARAWA,08,LAFIA,08,Gayam,012,ANG. MAGAJIN MALLAM II - OP
NASARAWA,08,LAFIA,08,Gayam,013,KOFAR D. BUKAR - OP
NASARAWA,08,LAFIA,08,Gayam,014,K/GWANKI - OP
NASARAWA,08,LAFIA,08,Gayam,015,ST.WILLIAMS - PB
NASARAWA,08,LAFIA,08,Gayam,016,G.S.S LAFIA PB
NASARAWA,08,LAFIA,08,Gayam,017,TUDUN GWANDARA I - OP
NASARAWA,08,LAFIA,08,Gayam,018,TUDUN GWANDARA II - OP
NASARAWA,08,LAFIA,08,Gayam,019,LAFIA NORTH - BP
NASARAWA,08,LAFIA,08,Gayam,020,G.S.S MAINA - PB
NASARAWA,08,LAFIA,08,Gayam,021,U.A.C. ROAD - OP
NASARAWA,08,LAFIA,08,Gayam,022,HEALTH OFFICE - PB
NASARAWA,08,LAFIA,08,Gayam,023,K/ALBERT - OP
NASARAWA,08,LAFIA,08,Gayam,024,K/SARKIN PAWA - OP
NASARAWA,08,LAFIA,08,Gayam,025,RIMI UKU - OP
NASARAWA,08,LAFIA,08,Gayam,026,UNG. YANSANDA - OP
NASARAWA,08,LAFIA,08,Gayam,027,K/KUYAN BANA - OP
NASARAWA,08,LAFIA,09,Keffin/Wambai,001,BAD WEST - OP
NASARAWA,08,LAFIA,09,Keffin/Wambai,002,BAD EAST - OP
NASARAWA,08,LAFIA,09,Keffin/Wambai,003,BAD POLICE STATION - PB
NASARAWA,08,LAFIA,09,Keffin/Wambai,004,ARIDI USMAN
NASARAWA,08,LAFIA,09,Keffin/Wambai,005,ARIDI KUJE - OP
NASARAWA,08,LAFIA,09,Keffin/Wambai,006,PRI.SCHOOL K/WAMBAI - PB
NASARAWA,08,LAFIA,09,Keffin/Wambai,007,PRI.SCHOOL K/WAMBAI - PB
NASARAWA,08,LAFIA,09,Keffin/Wambai,008,K/WAMBAI POLICE STATION - PB
NASARAWA,08,LAFIA,09,Keffin/Wambai,009,AMBANA - OP
NASARAWA,08,LAFIA,09,Keffin/Wambai,010,AWONGE MAKARANTA
NASARAWA,08,LAFIA,09,Keffin/Wambai,011,AWONGE ABOSHON - OP
NASARAWA,08,LAFIA,09,Keffin/Wambai,012,AWONGE AWUNZA - OP
NASARAWA,08,LAFIA,09,Keffin/Wambai,013,RUMAYO - OP
NASARAWA,08,LAFIA,09,Keffin/Wambai,014,TAKPA - OP
NASARAWA,08,LAFIA,09,Keffin/Wambai,015,KORON KUJE - OP
NASARAWA,08,LAFIA,09,Keffin/Wambai,016,AKUYA S.U.M - OP
NASARAWA,08,LAFIA,09,Keffin/Wambai,017,RAFIN KUDI - OP
NASARAWA,08,LAFIA,10,Makama,001,K/KAURA - OP
NASARAWA,08,LAFIA,10,Makama,002,UNG. GALADIMA - OP
NASARAWA,08,LAFIA,10,Makama,003,BIRAWA - OP
NASARAWA,08,LAFIA,10,Makama,004,KILEMA PRI.SCHOOL - PB
NASARAWA,08,LAFIA,10,Makama,005,BAKIN GONGORO - OP
NASARAWA,08,LAFIA,10,Makama,006,INJIN SHINKAFA - OP
NASARAWA,08,LAFIA,10,Makama,007,TUDUN MANGORO - OP
NASARAWA,08,LAFIA,10,Makama,008,UNG.KAROFI - OP
NASARAWA,08,LAFIA,10,Makama,009,TUDUN AMBA - OP
NASARAWA,08,LAFIA,10,Makama,010,"L.E.A PRIMARY SCHOOL, UNG. GALADIMA (WORKERS VILLAGE)"
NASARAWA,08,LAFIA,11,Shabu/Kwandere,001,SHABU KOFAR SARKI - OP
NASARAWA,08,LAFIA,11,Shabu/Kwandere,002,SHABU KOFAR SARKI - OP
NASARAWA,08,LAFIA,11,Shabu/Kwandere,003,SHABU TA GABAS - OP
NASARAWA,08,LAFIA,11,Shabu/Kwandere,004,COLLEGE OF AGRIC.
NASARAWA,08,LAFIA,11,Shabu/Kwandere,005,COLLEGE OF AGRIC - PB
NASARAWA,08,LAFIA,11,Shabu/Kwandere,006,SHABU ANG ARUGBA
NASARAWA,08,LAFIA,11,Shabu/Kwandere,007,AZUBA - OP
NASARAWA,08,LAFIA,11,Shabu/Kwandere,008,ANDASIME - OP
NASARAWA,08,LAFIA,11,Shabu/Kwandere,009,RAFIN GANYE - OP
NASARAWA,08,LAFIA,11,Shabu/Kwandere,010,DOKA - OP
NASARAWA,08,LAFIA,11,Shabu/Kwandere,011,DANKA SARKI - OP
NASARAWA,08,LAFIA,11,Shabu/Kwandere,012,UNG.ABUBAKAR - OP
NASARAWA,08,LAFIA,11,Shabu/Kwandere,013,KWANDERE CENTRE - OP
NASARAWA,08,LAFIA,11,Shabu/Kwandere,014,KWANDERE KOFAR SARKI
NASARAWA,08,LAFIA,11,Shabu/Kwandere,015,L.E.A PRI.SCHOOL - PB I
NASARAWA,08,LAFIA,11,Shabu/Kwandere,016,L.E.A PRI.SCHOOL - PB II
NASARAWA,08,LAFIA,11,Shabu/Kwandere,017,KWANDERE UNG YELWA - OP
NASARAWA,08,LAFIA,11,Shabu/Kwandere,018,KWANDERE UNG GALADIMA - OP
NASARAWA,08,LAFIA,11,Shabu/Kwandere,019,RANDA - OP
NASARAWA,08,LAFIA,11,Shabu/Kwandere,020,ARIDI AJIGE - OP
NASARAWA,08,LAFIA,11,Shabu/Kwandere,021,ARIDI HAYIN DOGO
NASARAWA,08,LAFIA,11,Shabu/Kwandere,022,AWUMA T.V CENTRE - PB
NASARAWA,08,LAFIA,11,Shabu/Kwandere,023,PRI.SCHOOL AWUMA - PB
NASARAWA,08,LAFIA,11,Shabu/Kwandere,024,AWUMA K/SARKI - OP
NASARAWA,08,LAFIA,12,Wakwa,001,W/B/KAKANI - OP
NASARAWA,08,LAFIA,12,Wakwa,002,W/B/KAKANI - OP
NASARAWA,08,LAFIA,12,Wakwa,003,"L.E.A PRIMARY SCHOOL, WAKWA ALHAJI (WAKWA ALHAJI)"
NASARAWA,08,LAFIA,12,Wakwa,004,GIMARE - OP
NASARAWA,08,LAFIA,12,Wakwa,005,GIMARE - KWASHINI - OP
NASARAWA,08,LAFIA,12,Wakwa,006,GANDU SARKI - OP
NASARAWA,08,LAFIA,12,Wakwa,007,AKUNZA PRI.SCHOOL - PB
NASARAWA,08,LAFIA,12,Wakwa,008,AKUNZA UBANGARI - OP
NASARAWA,08,LAFIA,12,Wakwa,009,KANTSAKUWA - OP
NASARAWA,08,LAFIA,12,Wakwa,010,AGUDU PRI.SCHOOL - PB
NASARAWA,08,LAFIA,12,Wakwa,011,AKUNZA JARME - OP
NASARAWA,08,LAFIA,12,Wakwa,012,B/KWATO - OP I
NASARAWA,08,LAFIA,12,Wakwa,013,B/KWATO - OP II
NASARAWA,08,LAFIA,13,Zanwa,001,ANG.ZUGU - OP
NASARAWA,08,LAFIA,13,Zanwa,002,NASARAWA ZANWA - OP
NASARAWA,08,LAFIA,13,Zanwa,003,K/MAKAMA - OP
NASARAWA,08,LAFIA,13,Zanwa,004,KOFAR BABA MALA - OP
NASARAWA,08,LAFIA,13,Zanwa,005,KAURA MOYI - OP
NASARAWA,08,LAFIA,13,Zanwa,006,K/ZANWA - OP
NASARAWA,08,LAFIA,13,Zanwa,007,K/MALL/ISHAKA - OP
NASARAWA,08,LAFIA,13,Zanwa,008,K/S MAKERA - OP
NASARAWA,08,LAFIA,13,Zanwa,009,K/MAKAMA - OP
NASARAWA,08,LAFIA,13,Zanwa,010,DISPENSARY UNG. TONI (KOFAR LIMAN)
NASARAWA,09,NASARAWA,01,Udenin Gida,001,KUVO - PB
NASARAWA,09,NASARAWA,01,Udenin Gida,002,OKPAMU/ARI - OP
NASARAWA,09,NASARAWA,01,Udenin Gida,003,AMBU - OP
NASARAWA,09,NASARAWA,01,Udenin Gida,004,UBBE - OP
NASARAWA,09,NASARAWA,01,Udenin Gida,005,ITTAH I - OP
NASARAWA,09,NASARAWA,01,Udenin Gida,006,ITTAH II - OP
NASARAWA,09,NASARAWA,01,Udenin Gida,007,UKESHI - OP
NASARAWA,09,NASARAWA,01,Udenin Gida,008,UDEGEN KASA - OP
NASARAWA,09,NASARAWA,01,Udenin Gida,009,USHA KADUN - PB
NASARAWA,09,NASARAWA,02,Akum,001,AKUM - PB
NASARAWA,09,NASARAWA,02,Akum,002,0G0B0 - PB
NASARAWA,09,NASARAWA,02,Akum,003,KURMIN MAJIGI - PB
NASARAWA,09,NASARAWA,02,Akum,004,AGAM - PB
NASARAWA,09,NASARAWA,02,Akum,005,AZABUTU - PB
NASARAWA,09,NASARAWA,02,Akum,006,AMAKU - OP
NASARAWA,09,NASARAWA,02,Akum,007,YELWAN BAWA - OP
NASARAWA,09,NASARAWA,02,Akum,008,AFURA I - OP
NASARAWA,09,NASARAWA,02,Akum,009,AFURA II - OP
NASARAWA,09,NASARAWA,02,Akum,010,OSENI/ODURGBO - OP
NASARAWA,09,NASARAWA,02,Akum,011,OLONYA - OP
NASARAWA,09,NASARAWA,03,Udenin,001,UNGWAR HAUSAWA - OP
NASARAWA,09,NASARAWA,03,Udenin,002,OKPANU
NASARAWA,09,NASARAWA,03,Udenin,003,AMBU- OP
NASARAWA,09,NASARAWA,03,Udenin,004,IMINYI - OP
NASARAWA,09,NASARAWA,03,Udenin,005,AGATU - OP
NASARAWA,09,NASARAWA,03,Udenin,006,AGBADU/AKPATA
NASARAWA,09,NASARAWA,03,Udenin,007,KWANDARA - OP
NASARAWA,09,NASARAWA,03,Udenin,008,OGENI
NASARAWA,09,NASARAWA,03,Udenin,009,OLEGOGWALE
NASARAWA,09,NASARAWA,03,Udenin,010,KABAWA/ADIKWU
NASARAWA,09,NASARAWA,04,Loko,001,LOKO I - OP
NASARAWA,09,NASARAWA,04,Loko,002,LOKO II - OP
NASARAWA,09,NASARAWA,04,Loko,003,IGGAH - PB
NASARAWA,09,NASARAWA,04,Loko,004,OSHUGU - PB
NASARAWA,09,NASARAWA,04,Loko,005,AYELE - PB
NASARAWA,09,NASARAWA,04,Loko,006,USHATA - PB
NASARAWA,09,NASARAWA,04,Loko,007,UNG.SARKIN YAKI - OP
NASARAWA,09,NASARAWA,04,Loko,008,UNG.WAZIRI I - OP
NASARAWA,09,NASARAWA,04,Loko,009,UNG.HABU - OP
NASARAWA,09,NASARAWA,04,Loko,010,UNG.WAZIRI II - OP
NASARAWA,09,NASARAWA,04,Loko,011,IGGAH KWATA - OP
NASARAWA,09,NASARAWA,04,Loko,012,OGUPA
NASARAWA,09,NASARAWA,05,Tunga/Bakono,001,TUNGA UNG.SARKI - OP
NASARAWA,09,NASARAWA,05,Tunga/Bakono,002,BAKONO
NASARAWA,09,NASARAWA,05,Tunga/Bakono,003,AJAGA
NASARAWA,09,NASARAWA,05,Tunga/Bakono,004,OGUBA I
NASARAWA,09,NASARAWA,05,Tunga/Bakono,005,OGUBA II
NASARAWA,09,NASARAWA,05,Tunga/Bakono,006,AJIGWARA
NASARAWA,09,NASARAWA,06,Guto/Aisa,001,GUTO - PB
NASARAWA,09,NASARAWA,06,Guto/Aisa,002,KPANDARA OPEN PLACE
NASARAWA,09,NASARAWA,06,Guto/Aisa,003,OGUM - OP
NASARAWA,09,NASARAWA,06,Guto/Aisa,004,ILLIAH - PB
NASARAWA,09,NASARAWA,06,Guto/Aisa,005,ANJEWA
NASARAWA,09,NASARAWA,06,Guto/Aisa,006,AZA I OP
NASARAWA,09,NASARAWA,06,Guto/Aisa,007,AZA II OP
NASARAWA,09,NASARAWA,07,Nasarawa North,001,UNG MAGAJI GARI I
NASARAWA,09,NASARAWA,07,Nasarawa North,002,UNG MAGAJI GARI II
NASARAWA,09,NASARAWA,07,Nasarawa North,003,UNG MICHAEL
NASARAWA,09,NASARAWA,07,Nasarawa North,004,TAMMAH
NASARAWA,09,NASARAWA,07,Nasarawa North,005,LOW COST
NASARAWA,09,NASARAWA,07,Nasarawa North,006,UNG DUTSE PUBLIC BUILDING
NASARAWA,09,NASARAWA,07,Nasarawa North,007,FED LOW COST
NASARAWA,09,NASARAWA,08,Nasarawa East,001,UNG. MADAKI I PB
NASARAWA,09,NASARAWA,08,Nasarawa East,002,UNG. MADAKI II PB
NASARAWA,09,NASARAWA,08,Nasarawa East,003,UNG. MAIREKE - OP
NASARAWA,09,NASARAWA,08,Nasarawa East,004,UNG.MALLAM PB
NASARAWA,09,NASARAWA,08,Nasarawa East,005,UNG.PAKACI - OP
NASARAWA,09,NASARAWA,08,Nasarawa East,006,UNG.PAKACI - OP
NASARAWA,09,NASARAWA,09,Nasarawa Central,001,UNG.DALHATU - OP
NASARAWA,09,NASARAWA,09,Nasarawa Central,002,UNG. MALLAM HASSAN - OP
NASARAWA,09,NASARAWA,09,Nasarawa Central,003,UNG.GIRKU - OP
NASARAWA,09,NASARAWA,09,Nasarawa Central,004,UNG.GANGAREN BAGE I - OP
NASARAWA,09,NASARAWA,09,Nasarawa Central,005,UNG.GANGAREN BAGE II - OP
NASARAWA,09,NASARAWA,10,Nasarawa Main Town,001,UNG. SARKIN PADA - OP
NASARAWA,09,NASARAWA,10,Nasarawa Main Town,002,UNG. SARKIN PADA - OP
NASARAWA,09,NASARAWA,10,Nasarawa Main Town,003,UNG. WADA - OP
NASARAWA,09,NASARAWA,10,Nasarawa Main Town,004,SABON GARI - OP
NASARAWA,09,NASARAWA,10,Nasarawa Main Town,005,G.S.S NASARAWA - OP
NASARAWA,09,NASARAWA,11,Ara I,001,UNG.MAKAMA I - OP
NASARAWA,09,NASARAWA,11,Ara I,002,UNG.MAKAMA II - OP
NASARAWA,09,NASARAWA,11,Ara I,003,UNG. MADAKI
NASARAWA,09,NASARAWA,11,Ara I,004,OSHIKPE - OP
NASARAWA,09,NASARAWA,11,Ara I,005,AGO - PB
NASARAWA,09,NASARAWA,11,Ara I,006,BIRAGO - OP
NASARAWA,09,NASARAWA,12,Ara II,001,TULLUWA - OP
NASARAWA,09,NASARAWA,12,Ara II,002,KURUDU - PB
NASARAWA,09,NASARAWA,12,Ara II,003,DOGON DUTSE - OP
NASARAWA,09,NASARAWA,12,Ara II,004,DANSA - OP
NASARAWA,09,NASARAWA,12,Ara II,005,GUDIGE SABO
NASARAWA,09,NASARAWA,12,Ara II,006,PESSELI
NASARAWA,09,NASARAWA,13,Laminga,001,LAMINGE I
NASARAWA,09,NASARAWA,13,Laminga,002,LAMINGE II - OP
NASARAWA,09,NASARAWA,13,Laminga,003,ZANKUN BELLO - OP
NASARAWA,09,NASARAWA,13,Laminga,004,MARMARA
NASARAWA,09,NASARAWA,13,Laminga,005,SHAMAGE - PB
NASARAWA,09,NASARAWA,13,Laminga,006,GUNKI - OP
NASARAWA,09,NASARAWA,13,Laminga,007,NAHUCHE/ARABA - OP
NASARAWA,09,NASARAWA,13,Laminga,008,KAWO/KAWO - OP
NASARAWA,09,NASARAWA,13,Laminga,009,LAMINGA III - OP
NASARAWA,09,NASARAWA,14,Kanah/Ondo/Apawu,001,ONDA/GBARGADA - PB
NASARAWA,09,NASARAWA,14,Kanah/Ondo/Apawu,002,AGAZO - OP
NASARAWA,09,NASARAWA,14,Kanah/Ondo/Apawu,003,OGANA/ADAGBA
NASARAWA,09,NASARAWA,14,Kanah/Ondo/Apawu,004,KOBA
NASARAWA,09,NASARAWA,14,Kanah/Ondo/Apawu,005,ONDA/KADU
NASARAWA,09,NASARAWA,14,Kanah/Ondo/Apawu,006,ABAGU/IKPE
NASARAWA,09,NASARAWA,14,Kanah/Ondo/Apawu,007,ORIGO/NUMABA
NASARAWA,09,NASARAWA,14,Kanah/Ondo/Apawu,008,AGBOLO S. EYA - OP
NASARAWA,09,NASARAWA,14,Kanah/Ondo/Apawu,009,EKA KASUWA - OP
NASARAWA,09,NASARAWA,14,Kanah/Ondo/Apawu,010,ANDU WAYO
NASARAWA,09,NASARAWA,14,Kanah/Ondo/Apawu,011,ORIKI - OP
NASARAWA,09,NASARAWA,14,Kanah/Ondo/Apawu,012,OBENI-EKA - OP
NASARAWA,09,NASARAWA,14,Kanah/Ondo/Apawu,013,OMBI OGAPA - PB
NASARAWA,09,NASARAWA,14,Kanah/Ondo/Apawu,014,AGBOGANA - OP
NASARAWA,09,NASARAWA,14,Kanah/Ondo/Apawu,015,INGIRI EKA - OP
NASARAWA,09,NASARAWA,14,Kanah/Ondo/Apawu,016,AGBO/AGBOGANA
NASARAWA,09,NASARAWA,14,Kanah/Ondo/Apawu,017,ENDO - OP
NASARAWA,09,NASARAWA,14,Kanah/Ondo/Apawu,018,AKPAKU - OP
NASARAWA,09,NASARAWA,14,Kanah/Ondo/Apawu,019,KAMA OTO - PB
NASARAWA,09,NASARAWA,14,Kanah/Ondo/Apawu,020,OGAPA - OP
NASARAWA,09,NASARAWA,15,Odu,001,UDEGYE MBEKI
NASARAWA,09,NASARAWA,15,Odu,002,UDEGE
NASARAWA,09,NASARAWA,15,Odu,003,ODU CENTRE
NASARAWA,09,NASARAWA,15,Odu,004,KWANDA - OP
NASARAWA,09,NASARAWA,15,Odu,005,MARARABA - OP
NASARAWA,09,NASARAWA,15,Odu,006,S/LAYI - OP
NASARAWA,09,NASARAWA,15,Odu,007,AGBAMUDU - OP
NASARAWA,09,NASARAWA,15,Odu,008,USARI
NASARAWA,09,NASARAWA,15,Odu,009,AGBOSHIWO - OP
NASARAWA,09,NASARAWA,15,Odu,010,EYENU OMALA I - PB
NASARAWA,09,NASARAWA,15,Odu,011,EYENU OMALA II PB
NASARAWA,09,NASARAWA,15,Odu,012,KAIRI - OP
NASARAWA,09,NASARAWA,15,Odu,013,OGUNDO - OP
NASARAWA,09,NASARAWA,15,Odu,014,S/GIDA AGBAGO - OP
NASARAWA,10,NASSARAWA EGON,01,Nasarawa Eggon,001,ISLAMIYA PRI. SCH. (UNG. MAKAMA)
NASARAWA,10,NASSARAWA EGON,01,Nasarawa Eggon,002,OPEN SPACE (UNG. YUSUF OGA)
NASARAWA,10,NASSARAWA EGON,01,Nasarawa Eggon,003,AREA COURT (UNG. GALADIMA)
NASARAWA,10,NASSARAWA EGON,01,Nasarawa Eggon,004,WATER BOARD TANK (UNG. JARMAI)
NASARAWA,10,NASSARAWA EGON,01,Nasarawa Eggon,005,OPEN SPACE (UNG. AHMADU AJAGA)
NASARAWA,10,NASSARAWA EGON,01,Nasarawa Eggon,006,R.C.M PRIM. SCH. (UNG. DANMADAMI)
NASARAWA,10,NASSARAWA EGON,01,Nasarawa Eggon,007,LOCAL GOVERNMENT QUARTERS (UNG. ANYANKON)
NASARAWA,10,NASSARAWA EGON,01,Nasarawa Eggon,008,LGEA PRI. SCH. (UNG. LODO)
NASARAWA,10,NASSARAWA EGON,01,Nasarawa Eggon,009,OPEN SPACE (UNG. MOYI)
NASARAWA,10,NASSARAWA EGON,01,Nasarawa Eggon,010,OPEN SPACE (UNG. YAKUBU ADDA)
NASARAWA,10,NASSARAWA EGON,01,Nasarawa Eggon,011,RCM PRIM. SCH. (UNG. GALADIMA)
NASARAWA,10,NASSARAWA EGON,01,Nasarawa Eggon,012,PUBLIC BUILDING (GOVERNMENT COLLEGE)
NASARAWA,10,NASSARAWA EGON,01,Nasarawa Eggon,013,RCM PRIM. SCH. (UNG. GALADIMA)
NASARAWA,10,NASSARAWA EGON,01,Nasarawa Eggon,014,RCM PRIM. SCH. (KOFAR ZAKARI)
NASARAWA,10,NASSARAWA EGON,01,Nasarawa Eggon,015,OPEN SPACE (UNG. MAKAMA)
NASARAWA,10,NASSARAWA EGON,02,Ubbe,001,LGEA PRIM. SCH. (ONGE ODEN OGBA)
NASARAWA,10,NASSARAWA EGON,02,Ubbe,002,LGEA PRIM. SCH. (KUCHUKU)
NASARAWA,10,NASSARAWA EGON,02,Ubbe,003,LGEA PRIM. SCH. (OTSU MAKU)
NASARAWA,10,NASSARAWA EGON,02,Ubbe,004,UBBE PRI.SCHOOL - PB
NASARAWA,10,NASSARAWA EGON,02,Ubbe,005,LGEA PRIM. SCHOOL (GAJI MISSION)
NASARAWA,10,NASSARAWA EGON,03,Igga/Burumburum,001,LGEA PRIM. SCH. (EKAN CHURCH ANGBA)
NASARAWA,10,NASSARAWA EGON,03,Igga/Burumburum,002,LGEA PRIM. SCH. (IGGA AKU)
NASARAWA,10,NASSARAWA EGON,03,Igga/Burumburum,003,PRI.SCHOOL BURUMBURUM - PB
NASARAWA,10,NASSARAWA EGON,03,Igga/Burumburum,004,LGEA PRIM. SCH. (IGGA SARKI)
NASARAWA,10,NASSARAWA EGON,03,Igga/Burumburum,005,LGEA PRIM. SCH. (IGGA SARKI
NASARAWA,10,NASSARAWA EGON,03,Igga/Burumburum,006,LGEA PRIM. SCH. (UNG. ENGOM)
NASARAWA,10,NASSARAWA EGON,03,Igga/Burumburum,007,LGEA PRIM. SCH. (UNG. SARKI)
NASARAWA,10,NASSARAWA EGON,03,Igga/Burumburum,008,LGEA PRIM. SCH. (EKAN CHURCH BURUMBURUM)
NASARAWA,10,NASSARAWA EGON,03,Igga/Burumburum,009,LGEA PRIM. SCH. (IGGA)
NASARAWA,10,NASSARAWA EGON,04,Umme,001,LGEA PRIM. SCH. (BAKIN KOGI)
NASARAWA,10,NASSARAWA EGON,04,Umme,002,AREA COURT (EBBE GAMA)
NASARAWA,10,NASSARAWA EGON,04,Umme,003,LGEA PRIM. SCH. (LCC BAKYANO)
NASARAWA,10,NASSARAWA EGON,04,Umme,004,LGEA PRIM. SCH. (KOFAR FADA ARUGBADU)
NASARAWA,10,NASSARAWA EGON,04,Umme,005,LGEA PRIM. SCH. ARUGBADU)
NASARAWA,10,NASSARAWA EGON,04,Umme,006,BAKYANO ADAMU LEWA
NASARAWA,10,NASSARAWA EGON,04,Umme,007,LGEA PRIM. SCH. (BAKYANO KASSA)
NASARAWA,10,NASSARAWA EGON,04,Umme,008,GSS ARUGBADU (UNG. GALADIMA)
NASARAWA,10,NASSARAWA EGON,04,Umme,009,LGEA PRIM. SCH. (LEKYATI)
NASARAWA,10,NASSARAWA EGON,04,Umme,010,LGEA PRIM. SCH. (UNG. KATIRI)
NASARAWA,10,NASSARAWA EGON,04,Umme,011,LGEA PRIM. SCH. (ERRE ZOMO)
NASARAWA,10,NASSARAWA EGON,04,Umme,012,LGEA PRIM. SCH. (AKPU MAGAJI)
NASARAWA,10,NASSARAWA EGON,04,Umme,013,GSS (UNG. GALADIMA ARUGBADU)
NASARAWA,10,NASSARAWA EGON,05,Mada Station,001,LGEA PRIM. SCH. (ANGBASHURU)
NASARAWA,10,NASSARAWA EGON,05,Mada Station,002,LGEA PRIM. SCH. (ANGBASHUN ODEN)
NASARAWA,10,NASSARAWA EGON,05,Mada Station,003,RAILWAY OFFICE (UNG. IBO)
NASARAWA,10,NASSARAWA EGON,05,Mada Station,004,MARKET SQUARE (UNG. GARBA SULE)
NASARAWA,10,NASSARAWA EGON,05,Mada Station,005,LGEA PRIM. SCH. (UNG. MISSION)
NASARAWA,10,NASSARAWA EGON,05,Mada Station,006,LGEA PRIM. SCH. (UNG. MISSION)
NASARAWA,10,NASSARAWA EGON,05,Mada Station,007,RAILWAY OFFICE (UNG. RAILWAY)
NASARAWA,10,NASSARAWA EGON,05,Mada Station,008,LGEA PRIM. SCH. (UNG. DANGANA)
NASARAWA,10,NASSARAWA EGON,05,Mada Station,009,LGEA PRIM. SCH. (LADI ENDE)
NASARAWA,10,NASSARAWA EGON,05,Mada Station,010,LGEA PRIM. SCH. (UNG. ELLE)
NASARAWA,10,NASSARAWA EGON,05,Mada Station,011,LGEA PRIM. SCH. (UNG. ALADE)
NASARAWA,10,NASSARAWA EGON,06,Lizzin Keffi/Ezzen,001,LGEA PRIM. SCH. (UNG. SARKI LIZZIN KEFFI)
NASARAWA,10,NASSARAWA EGON,06,Lizzin Keffi/Ezzen,002,LGEA PRIM. SCH. (ESHIAGBI)
NASARAWA,10,NASSARAWA EGON,06,Lizzin Keffi/Ezzen,003,LGEA PRIM. SCH. (ONGEZI LIZZIN KEFFI)
NASARAWA,10,NASSARAWA EGON,06,Lizzin Keffi/Ezzen,004,LGEA PRIM. SCH. (LIZZIN KEFFI TUDU)
NASARAWA,10,NASSARAWA EGON,06,Lizzin Keffi/Ezzen,005,ASSAN PRI.SCHOOL - PB
NASARAWA,10,NASSARAWA EGON,06,Lizzin Keffi/Ezzen,006,LGEA PRIM. SCH. (ANJIA KOLO)
NASARAWA,10,NASSARAWA EGON,06,Lizzin Keffi/Ezzen,007,LGEA PRIM. SCH. (LAMIS EZZEN)
NASARAWA,10,NASSARAWA EGON,06,Lizzin Keffi/Ezzen,008,LGEA PRIM. SCH. (EZZEN KWARI EHA)
NASARAWA,10,NASSARAWA EGON,06,Lizzin Keffi/Ezzen,009,LGEA PRIM. SCH. (EZZEN KWARI)
NASARAWA,10,NASSARAWA EGON,07,Lambaga/Arikpa,001,LGEA PRIM. SCH. (LAMBAGA)
NASARAWA,10,NASSARAWA EGON,07,Lambaga/Arikpa,002,LGEA PRIM. SCH. (LAMBAGA TUDU)
NASARAWA,10,NASSARAWA EGON,07,Lambaga/Arikpa,003,L.G.E.A ARIKPA - PB
NASARAWA,10,NASSARAWA EGON,07,Lambaga/Arikpa,004,LGEA PRIM. SCH. (UNG. ABIMIKU KUDI)
NASARAWA,10,NASSARAWA EGON,07,Lambaga/Arikpa,005,LGEA PRI. SCH. (RANDA ARIPKA)
NASARAWA,10,NASSARAWA EGON,08,Kagbu Wana,001,AREA COURT (SARKI WANA)
NASARAWA,10,NASSARAWA EGON,08,Kagbu Wana,002,L.S.B BURI - PB
NASARAWA,10,NASSARAWA EGON,08,Kagbu Wana,003,LGEA PRIM. SCH. (UNG. AKWASHIKI)
NASARAWA,10,NASSARAWA EGON,08,Kagbu Wana,004,GSS SARKI EKPON (SARKI EKPON)
NASARAWA,10,NASSARAWA EGON,08,Kagbu Wana,005,GSS EKPON
NASARAWA,10,NASSARAWA EGON,08,Kagbu Wana,006,LGEA WOLON - PB
NASARAWA,10,NASSARAWA EGON,08,Kagbu Wana,007,LGEA PRIM. SCH. (WATA)
NASARAWA,10,NASSARAWA EGON,08,Kagbu Wana,008,LGEA PRIM. SCH. (EKPON TUDU)
NASARAWA,10,NASSARAWA EGON,08,Kagbu Wana,009,LGEA PRIM. SCH. (UNG. ABIMIKU ANJUGU)
NASARAWA,10,NASSARAWA EGON,08,Kagbu Wana,010,LGEA PRIM. SCH. (UNG. ABIMIKU ANJUGU)
NASARAWA,10,NASSARAWA EGON,08,Kagbu Wana,011,LGEA PRIM. SCH. (NEKO TUDU)
NASARAWA,10,NASSARAWA EGON,09,Ikka Wangibi,001,LGEA PRIM SCH. (WASHO)
NASARAWA,10,NASSARAWA EGON,09,Ikka Wangibi,002,LGEA PRIM. SCH. (LANGALANGA)
NASARAWA,10,NASSARAWA EGON,09,Ikka Wangibi,003,IKKAH DISPENSARY - PB
NASARAWA,10,NASSARAWA EGON,09,Ikka Wangibi,004,LGEA PRIM SCH. (WASHO)
NASARAWA,10,NASSARAWA EGON,09,Ikka Wangibi,005,LGEA PRIM. SCH. (UNG. KIGBU KUJE)
NASARAWA,10,NASSARAWA EGON,09,Ikka Wangibi,006,LGEA PRIM. SCH. (WULGA)
NASARAWA,10,NASSARAWA EGON,09,Ikka Wangibi,007,LGEA PRIM. SCH. (AKUN UMBUGUTSO)
NASARAWA,10,NASSARAWA EGON,09,Ikka Wangibi,008,LGEA PRIM SCH. (UNG. MATU)
NASARAWA,10,NASSARAWA EGON,09,Ikka Wangibi,009,LGEA PRIM SCH. (AWUZA)
NASARAWA,10,NASSARAWA EGON,10,Ende,001,LGEA PRIM. SCH. (ZAURE ADIGIZI)
NASARAWA,10,NASSARAWA EGON,10,Ende,002,POLICE STATION (HAKIMI)
NASARAWA,10,NASSARAWA EGON,10,Ende,003,G.S.S WOWEN
NASARAWA,10,NASSARAWA EGON,10,Ende,004,LGEA PRIM. SCH. (ABOSHON BISA)
NASARAWA,10,NASSARAWA EGON,10,Ende,005,LGEA PRIM. SCH. (AKU YANGO)
NASARAWA,10,NASSARAWA EGON,11,Wakama,001,LGEA PRIM. SCH. (WAKAMA LASHE)
NASARAWA,10,NASSARAWA EGON,11,Wakama,002,LGEA PRIM. SCH. (WAKAMA TUDU)
NASARAWA,10,NASSARAWA EGON,11,Wakama,003,GSS AWAYI
NASARAWA,10,NASSARAWA EGON,11,Wakama,004,G.T.C. OLA - PB
NASARAWA,10,NASSARAWA EGON,11,Wakama,005,MARKET SQUARE (WAKAMA CENTRAL)
NASARAWA,10,NASSARAWA EGON,11,Wakama,006,WAKAMA CLINIC - PB
NASARAWA,10,NASSARAWA EGON,11,Wakama,007,LGEA PRIM. SCH. (AWOGENSHEN)
NASARAWA,10,NASSARAWA EGON,11,Wakama,008,LGEA PRIM. SCH. (UNG. TSAKU ATSOKO)
NASARAWA,10,NASSARAWA EGON,11,Wakama,009,LGEA PRIM. SCH. (AZIKILI)
NASARAWA,10,NASSARAWA EGON,12,Aloce/Ginda,001,LGEA PRIM. SCH. (SATI GINDA WAJI)
NASARAWA,10,NASSARAWA EGON,12,Aloce/Ginda,002,LGEA PRIM. SCH. (GINDA GIDA)
NASARAWA,10,NASSARAWA EGON,12,Aloce/Ginda,003,S.U.M ALUSHI - PB
NASARAWA,10,NASSARAWA EGON,12,Aloce/Ginda,004,ALUSHI DISPENSARY - PB
NASARAWA,10,NASSARAWA EGON,12,Aloce/Ginda,005,LGEA PRIM. SCH. (ALUSHI ERRO)
NASARAWA,10,NASSARAWA EGON,12,Aloce/Ginda,006,LGEA PRIM. SCH. (ANGBAKU)
NASARAWA,10,NASSARAWA EGON,13,Alogani,001,LGEA PRIM. SCH. (GAKO)
NASARAWA,10,NASSARAWA EGON,13,Alogani,002,LGEA PRIM. SCH. (ALOGANI TUDU)
NASARAWA,10,NASSARAWA EGON,13,Alogani,003,LGEA PRIM. SCH. (WOGAN)
NASARAWA,10,NASSARAWA EGON,13,Alogani,004,LGEA PRIM. SCH. (GIDAN WAYA)
NASARAWA,10,NASSARAWA EGON,13,Alogani,005,LGEA PRIM. SCH. (ALOGANI SOUTH)
NASARAWA,10,NASSARAWA EGON,13,Alogani,006,LGEA PRIM. SCH. (EHALA YAKA)
NASARAWA,10,NASSARAWA EGON,13,Alogani,007,EHALA YAKA - I PRI.SCHOOL - PB
NASARAWA,10,NASSARAWA EGON,13,Alogani,008,LGEA PRIM. SCH. (ZAURE ALLU AMMA)
NASARAWA,10,NASSARAWA EGON,13,Alogani,009,LGEA PRIM. SCH. (ALOGANI NORTH)
NASARAWA,10,NASSARAWA EGON,13,Alogani,010,LGEA PRIM. SCH. (GALLE TUDU)
NASARAWA,10,NASSARAWA EGON,13,Alogani,011,LGEA PRIM SCH. (ONHWONAKO)
NASARAWA,10,NASSARAWA EGON,13,Alogani,012,LGEA PRIM SCH. (ALOGANI CENTRAL)
NASARAWA,10,NASSARAWA EGON,14,Agunji,001,LGEA PRIM. SCH. (AGUNJI)
NASARAWA,10,NASSARAWA EGON,14,Agunji,002,LGEA PRIM. SCH. (AGUNJI TUDU)
NASARAWA,10,NASSARAWA EGON,14,Agunji,003,OGBAGI PRI.SCHOOL - PB
NASARAWA,10,NASSARAWA EGON,14,Agunji,004,LGEA PRIM. SCH. OGBAGI TUDU)
NASARAWA,10,NASSARAWA EGON,14,Agunji,005,LGEA PRIM. SCH. (ANGBAKO)
NASARAWA,10,NASSARAWA EGON,14,Agunji,006,LGEA PRIM. SCH. (AGUNJI ALAGA)
NASARAWA,11,OBI,01,Agwatashi,001,UNG.MOYI BUBA
NASARAWA,11,OBI,01,Agwatashi,002,GIDAN KWALLA / PUBLIC SQUARE
NASARAWA,11,OBI,01,Agwatashi,003,UNG.MISSION / PUBLIC SQUARE
NASARAWA,11,OBI,01,Agwatashi,004,GIDAN FULANI / PUBLIC SQUARE
NASARAWA,11,OBI,01,Agwatashi,005,LGEA PRI. SCHOOL GIDAN AGON (GIDAN AGON)
NASARAWA,11,OBI,01,Agwatashi,006,HEALTH CENTER
NASARAWA,11,OBI,01,Agwatashi,007,KOFAR OSUZA/PUBLIC SQUARE
NASARAWA,11,OBI,01,Agwatashi,008,UNG.GALADIMA/PUBLIC SQUARE
NASARAWA,11,OBI,01,Agwatashi,009,UGBOGBHUR PRIMARY SCHOOL
NASARAWA,11,OBI,01,Agwatashi,010,UNG.MOYI KARAMI/PUBLIC SQUARE
NASARAWA,11,OBI,01,Agwatashi,011,AKAHA/PRI.SCHOOL
NASARAWA,11,OBI,01,Agwatashi,012,USULLA/PRI.SCHOOL
NASARAWA,11,OBI,01,Agwatashi,013,UNG.MAKUNGIJI/PUBLIC SQUARE
NASARAWA,11,OBI,01,Agwatashi,014,TUDUN NAIRA / PUBLIC SQUARE
NASARAWA,11,OBI,02,Deddere/Riri,001,KOFAR MADAKI RIRI/PUBLIC SQUARE
NASARAWA,11,OBI,02,Deddere/Riri,002,RIRI.PRI.SCHOOL/PRI.SCHOOL
NASARAWA,11,OBI,02,Deddere/Riri,003,ANGBA RIRI/PUBLIC SQUARE
NASARAWA,11,OBI,02,Deddere/Riri,004,KOFAR SARKI RIRI/PUBLIC SQUARE
NASARAWA,11,OBI,02,Deddere/Riri,005,KOFAR SARKI ANKANI/PUBLIC SQUARE
NASARAWA,11,OBI,02,Deddere/Riri,006,UNG.SARKIN NOMA/PUBLIC SQUARE
NASARAWA,11,OBI,02,Deddere/Riri,007,UNGWAN SARKI AEWU/PUBLIC SQUARE
NASARAWA,11,OBI,02,Deddere/Riri,008,UNG.SARKIN MADA/PUBLIC SQUARE
NASARAWA,11,OBI,02,Deddere/Riri,009,LGEA PRI. SCHOOL UNG. MAMMAN (UNG.MAMMAN)
NASARAWA,11,OBI,02,Deddere/Riri,010,LGEA PRI. SCHOOL UNG. SULE (UNG. SULE)
NASARAWA,11,OBI,02,Deddere/Riri,011,KOFAR BUNU I/PUBLIC SQUARE
NASARAWA,11,OBI,02,Deddere/Riri,012,KOFAR BUNU II/PUBLIC SQUARE
NASARAWA,11,OBI,02,Deddere/Riri,013,KOFAR SIDI I/PUBLIC SQUARE
NASARAWA,11,OBI,02,Deddere/Riri,014,KOFAR SIDI II/PUBLIC SQUARE
NASARAWA,11,OBI,02,Deddere/Riri,015,KOFAR MAGAJI/PUBLIC SQUARE
NASARAWA,11,OBI,02,Deddere/Riri,016,KOFAR SULE/PUBLIC SQUARE
NASARAWA,11,OBI,02,Deddere/Riri,017,RCM DEDDERE/PRI.SCHOOL
NASARAWA,11,OBI,02,Deddere/Riri,018,UNG.KASUWA/PUBLIC SQUARE
NASARAWA,11,OBI,02,Deddere/Riri,019,KOFAR SARKI/PUBLIC SQUARE
NASARAWA,11,OBI,02,Deddere/Riri,020,KOFAR AMAWA/PUBLIC SQUARE
NASARAWA,11,OBI,02,Deddere/Riri,021,PUBLIC BUILDING
NASARAWA,11,OBI,02,Deddere/Riri,022,UNGWAN TSAKUWA I
NASARAWA,11,OBI,02,Deddere/Riri,023,UNG.UBANGARI/PUBLIC SQUARE
NASARAWA,11,OBI,02,Deddere/Riri,024,KOFAR NAMEIGH/PRI.SCHOOL
NASARAWA,11,OBI,02,Deddere/Riri,025,UNG. TSAKUWA II
NASARAWA,11,OBI,03,Obi,001,KOFAR MOYI MAGAJI PUBLIC SQUARE
NASARAWA,11,OBI,03,Obi,002,KOFAR ADEKA PUBLIC SQUARE
NASARAWA,11,OBI,03,Obi,003,AGWABO PUBLIC SQUARE
NASARAWA,11,OBI,03,Obi,004,KOFAR MUSA PUBLIC SQUARE
NASARAWA,11,OBI,03,Obi,005,KOFAR NAIBI PUBLIC SQUARE
NASARAWA,11,OBI,03,Obi,006,KOFAR LIMAN PUBLIC SQUARE
NASARAWA,11,OBI,03,Obi,007,UNGWAN KASA I
NASARAWA,11,OBI,03,Obi,008,UNGWAN KASA II
NASARAWA,11,OBI,03,Obi,009,MARARABA ATABULA PUBLIC SQUARE
NASARAWA,11,OBI,03,Obi,010,KOFAR IDOWU PUBLIC SQUARE
NASARAWA,11,OBI,03,Obi,011,KOFAR MAKUNGIJI PUBLIC SQUARE
NASARAWA,11,OBI,03,Obi,012,DISPENSARY
NASARAWA,11,OBI,03,Obi,013,KOFAR OSHI PUBLIC SQUARE
NASARAWA,11,OBI,03,Obi,014,KOFAR SARKI OPEN SPACE
NASARAWA,11,OBI,03,Obi,015,PASTOR'S COLLEGE
NASARAWA,11,OBI,03,Obi,016,KOFAR ADEKA OPEN SPACE
NASARAWA,11,OBI,03,Obi,017,KOFAR ONYAPA OPEN SPACE
NASARAWA,11,OBI,03,Obi,018,KOFAR ALI ARIKA OPEN SPACE
NASARAWA,11,OBI,03,Obi,019,KOFAR IBRAHIM OKPOSHI OPEN SPACE
NASARAWA,11,OBI,04,Tudun Adabu,001,ADABU/PUBLIC SQUARE
NASARAWA,11,OBI,04,Tudun Adabu,002,IKPOSOGYE/PRI.SCHOOL
NASARAWA,11,OBI,04,Tudun Adabu,003,AGBEDE PRIMARY SCHOOL
NASARAWA,11,OBI,04,Tudun Adabu,004,G.S.S TUDUN ADABU (KOFAR SARKIN TUDU ADABU
NASARAWA,11,OBI,04,Tudun Adabu,005,T/ADABU PRI.SCHOOL/PRI.SCH.
NASARAWA,11,OBI,04,Tudun Adabu,006,MBATSAV / PRI.SCHOOL
NASARAWA,11,OBI,04,Tudun Adabu,007,KWAGSHIRI / PRI.SCHOOL
NASARAWA,11,OBI,04,Tudun Adabu,008,AKPEKA/PRI.SCHOOL
NASARAWA,11,OBI,05,Duduguru,001,ASHUPE/PRI.SCHOOL
NASARAWA,11,OBI,05,Duduguru,002,LGEA PRI. SCHOOL (UNG.TSAKUWA I)
NASARAWA,11,OBI,05,Duduguru,003,UNG. TSAKUWA II PUBLIC SQUARE
NASARAWA,11,OBI,05,Duduguru,004,AKUNZA/PRI.SCHOOL
NASARAWA,11,OBI,05,Duduguru,005,LGEA PRI. SCHOOL (UMME ANGWAN SARKI)
NASARAWA,11,OBI,05,Duduguru,006,ATABULA / PRI.SCHOOL
NASARAWA,11,OBI,05,Duduguru,007,DUDUGURU PRI.SCHOOL
NASARAWA,11,OBI,05,Duduguru,008,AKABA / PUBLIC SQUARE
NASARAWA,11,OBI,05,Duduguru,009,UNG.TSAMIYA / PUBLIC SQUARE
NASARAWA,11,OBI,05,Duduguru,010,AGWADE AMAKU / PUBLIC SQUARE
NASARAWA,11,OBI,05,Duduguru,011,UNG.BOROKONO / PUBLIC SQUARE
NASARAWA,11,OBI,05,Duduguru,012,AGYARAGU EAST PRIMARY SCHOOL
NASARAWA,11,OBI,05,Duduguru,013,AGWADE PRIMARY SCHOOL
NASARAWA,11,OBI,05,Duduguru,014,GANGA / PRI.SCHOOL
NASARAWA,11,OBI,05,Duduguru,015,KOFAR SARKI DUDUGURU / PUBLIC SQUARE
NASARAWA,11,OBI,05,Duduguru,016,AGWADE KOFAR SARKI / PUBLIC SQUARE
NASARAWA,11,OBI,06,Gwadenye,001,MURYA / PRI.SCHOOL
NASARAWA,11,OBI,06,Gwadenye,002,AKALEKU SIDI / PUBLIC SQUARE
NASARAWA,11,OBI,06,Gwadenye,003,UNG.MAKUNGIJI / PUBLIC SQUARE
NASARAWA,11,OBI,06,Gwadenye,004,GWADENYE BABA / PUBLIC SQUARE
NASARAWA,11,OBI,06,Gwadenye,005,ATUKWASA / PRI.SCHOOL
NASARAWA,11,OBI,06,Gwadenye,006,KOFAR EMMANUEL/PUBLIC SQUARE
NASARAWA,11,OBI,06,Gwadenye,007,IDEVI/PRI.SCHOOL
NASARAWA,11,OBI,06,Gwadenye,008,AKANGA/PRI.SCHOOL
NASARAWA,11,OBI,07,Kyakale,001,ICHECHENE I/PRI.SCHOOL
NASARAWA,11,OBI,07,Kyakale,002,ICHECHENE II /PRI.SCHOOL
NASARAWA,11,OBI,07,Kyakale,003,KYAKALE I PRIMARY SCHOOL
NASARAWA,11,OBI,07,Kyakale,004,KYAKALE II PRIMARY SCHOOL
NASARAWA,11,OBI,07,Kyakale,005,BABA/PUBLIC SQUARE
NASARAWA,11,OBI,07,Kyakale,006,AKALEKU ABU/PUBLIC SQUARE
NASARAWA,11,OBI,07,Kyakale,007,AKALEKU SOJA/PRI.SCHOOL
NASARAWA,11,OBI,08,Gidan Ausa I,001,K/SARKI G/AUSA/PUBLIC SQUARE
NASARAWA,11,OBI,08,Gidan Ausa I,002,UNG.BARDE/PUBLIC SQUARE
NASARAWA,11,OBI,08,Gidan Ausa I,003,AGYARAGU AGURA/PUBLIC SPACE
NASARAWA,11,OBI,08,Gidan Ausa I,004,NENE/PUBLIC SQUARE
NASARAWA,11,OBI,08,Gidan Ausa I,005,DEBE/PUBLIC SQUARE
NASARAWA,11,OBI,08,Gidan Ausa I,006,GIDIN KADAURA/PUBLIC SPACE
NASARAWA,11,OBI,08,Gidan Ausa I,007,ANDREW TIV/PUBLIC SPACE
NASARAWA,11,OBI,08,Gidan Ausa I,008,K/SARKI AGYARAGU/PUBLIC SPACE
NASARAWA,11,OBI,08,Gidan Ausa I,009,GIDAN AUSA AUDU/PUBLIC SPACE
NASARAWA,11,OBI,08,Gidan Ausa I,010,CMS AGYARAGU/PRI.SCHOOL
NASARAWA,11,OBI,09,Gidan Ausa II,001,ABIOGA I / PRI.SCHOOL
NASARAWA,11,OBI,09,Gidan Ausa II,002,ABIOGA II /PRI.SCHOOL
NASARAWA,11,OBI,09,Gidan Ausa II,003,MADAGWA MIGILI / PRI.SCHOOL
NASARAWA,11,OBI,09,Gidan Ausa II,004,AJAULA/PRI.SCHOOL
NASARAWA,11,OBI,09,Gidan Ausa II,005,KPANGWA / PRI.SCHOOL
NASARAWA,11,OBI,09,Gidan Ausa II,006,ZHERUGWA I PRI. SCHOOL
NASARAWA,11,OBI,09,Gidan Ausa II,007,ZHERUGBA II PRI. SCHOOL
NASARAWA,11,OBI,09,Gidan Ausa II,008,DAZHOGA / PRI.SCHOOL
NASARAWA,11,OBI,09,Gidan Ausa II,009,SABON KWARRA / PRI.SCHOOL
NASARAWA,11,OBI,10,Adudu,001,AYERO/PRI.SCHOOL
NASARAWA,11,OBI,10,Adudu,002,TSWAM/PRI.SCHOOL
NASARAWA,11,OBI,10,Adudu,003,UNG.GALADIMA/PUBLIC SPACE
NASARAWA,11,OBI,10,Adudu,004,GIDAN YAV/PUBLIC SQUARE
NASARAWA,11,OBI,10,Adudu,005,KOFAR ZANGO/PUBLIC SPACE
NASARAWA,11,OBI,10,Adudu,006,KOFAR SARKI I PUBLIC SQUARE
NASARAWA,11,OBI,10,Adudu,007,KOFAR SARKI II PUBLIC SPACE
NASARAWA,11,OBI,10,Adudu,008,WUNDU/PRI.SCHOOL
NASARAWA,11,OBI,10,Adudu,009,KOFAR WAZIRI I/PUBLIC SPACE
NASARAWA,11,OBI,10,Adudu,010,KOFAR WAZIRI II/PUBLIC SPACE
NASARAWA,11,OBI,10,Adudu,011,APURUGH/PRI.SCHOOL
NASARAWA,11,OBI,10,Adudu,012,LGEA PRI. SCHOOL ADUDU (UNG. MADA)
NASARAWA,11,OBI,10,Adudu,013,ADUDU PRI.SCHOOL/PRI.SCHOOL
NASARAWA,11,OBI,10,Adudu,014,KOFAR TELLA/OPEN SPACE
NASARAWA,11,OBI,10,Adudu,015,IMON/PRI.SCHOOL
NASARAWA,11,OBI,10,Adudu,016,KERTYO/PRI.SSCHOOL
NASARAWA,12,TOTO,01,Gwargwada,001,GWARGWADA
NASARAWA,12,TOTO,01,Gwargwada,002,GWAMBE I
NASARAWA,12,TOTO,01,Gwargwada,003,GWAMBE II
NASARAWA,12,TOTO,01,Gwargwada,004,"L.E.A PRIMARY SCHOOL,MAJAGA (MAGAJA)"
NASARAWA,12,TOTO,01,Gwargwada,005,RUBOCHI
NASARAWA,12,TOTO,01,Gwargwada,006,GWARGWADA II
NASARAWA,12,TOTO,02,Gadagwa,001,DIKKO
NASARAWA,12,TOTO,02,Gadagwa,002,ARABA
NASARAWA,12,TOTO,02,Gadagwa,003,PESIN
NASARAWA,12,TOTO,02,Gadagwa,004,WARAKATA
NASARAWA,12,TOTO,02,Gadagwa,005,HUNI
NASARAWA,12,TOTO,02,Gadagwa,006,GADABUKE (A)
NASARAWA,12,TOTO,02,Gadagwa,007,KPEMBO
NASARAWA,12,TOTO,02,Gadagwa,008,GAD.PRI.SCHOOL
NASARAWA,12,TOTO,02,Gadagwa,009,GAD.GBAGYI
NASARAWA,12,TOTO,02,Gadagwa,010,GADABUKE (B)
NASARAWA,12,TOTO,03,Bugakarmo,001,MADEKI
NASARAWA,12,TOTO,03,Bugakarmo,002,"L.E.A. PRIMARY SCHOOL, TUDU UKU (TUDU UKU (A))"
NASARAWA,12,TOTO,03,Bugakarmo,003,BUGA/KARMO
NASARAWA,12,TOTO,03,Bugakarmo,004,"L.E.A PRIMARY SCHOOL, KUNKE (KUNKE)"
NASARAWA,12,TOTO,03,Bugakarmo,005,"L.E.A PRIMARY SCHOOL, LOKO GOMA (LOKO GOMA)"
NASARAWA,12,TOTO,03,Bugakarmo,006,KARMO RUMODU (A)
NASARAWA,12,TOTO,03,Bugakarmo,007,KARMO KWAKI
NASARAWA,12,TOTO,03,Bugakarmo,008,"L.E.A PRIMARY SCHOOL, NAKUSE(NAKUSE)"
NASARAWA,12,TOTO,03,Bugakarmo,009,DAJIE
NASARAWA,12,TOTO,03,Bugakarmo,010,KARMO GANGI
NASARAWA,12,TOTO,03,Bugakarmo,011,"GOVERNMENT SECONDARY SCHOOL, KARMO (KARMO ROMUDU (B))"
NASARAWA,12,TOTO,04,Umaisha,001,UBO KPOKITI
NASARAWA,12,TOTO,04,Umaisha,002,DIMBEKU GUSU
NASARAWA,12,TOTO,04,Umaisha,003,SHICE
NASARAWA,12,TOTO,04,Umaisha,004,KUDIRI
NASARAWA,12,TOTO,04,Umaisha,005,ANG.GALADIMA (A)
NASARAWA,12,TOTO,04,Umaisha,006,ANG.GALADIMA (B)
NASARAWA,12,TOTO,04,Umaisha,007,KAKANA
NASARAWA,12,TOTO,04,Umaisha,008,OGAZA A
NASARAWA,12,TOTO,04,Umaisha,009,YELWA
NASARAWA,12,TOTO,04,Umaisha,010,OSOKO A
NASARAWA,12,TOTO,04,Umaisha,011,YELWA BASA
NASARAWA,12,TOTO,04,Umaisha,012,ZAINAKU
NASARAWA,12,TOTO,04,Umaisha,013,SOGENE
NASARAWA,12,TOTO,04,Umaisha,014,OSOKO UAC
NASARAWA,12,TOTO,04,Umaisha,015,KUDIRI
NASARAWA,12,TOTO,04,Umaisha,016,ANG. GALADIMA C
NASARAWA,12,TOTO,04,Umaisha,017,KPADABU
NASARAWA,12,TOTO,04,Umaisha,018,OSOKO B
NASARAWA,12,TOTO,04,Umaisha,019,GAURA ODULLA
NASARAWA,12,TOTO,04,Umaisha,020,OGAZA B
NASARAWA,12,TOTO,05,Dausu,001,UTTU
NASARAWA,12,TOTO,05,Dausu,002,AHULLA
NASARAWA,12,TOTO,05,Dausu,003,GBEMIDA
NASARAWA,12,TOTO,05,Dausu,004,DAUSU
NASARAWA,12,TOTO,05,Dausu,005,YIMOWA
NASARAWA,12,TOTO,05,Dausu,006,UDUA
NASARAWA,12,TOTO,05,Dausu,007,IGWA - PATI
NASARAWA,12,TOTO,05,Dausu,008,GBERI
NASARAWA,12,TOTO,05,Dausu,009,KAMGBO
NASARAWA,12,TOTO,06,Kanyehu,001,KANYEHU
NASARAWA,12,TOTO,06,Kanyehu,002,KARBANA
NASARAWA,12,TOTO,06,Kanyehu,003,FOFURU
NASARAWA,12,TOTO,06,Kanyehu,004,ZWORE
NASARAWA,12,TOTO,07,Ugya,001,UGYA MADAKI (A)
NASARAWA,12,TOTO,07,Ugya,002,UGYA MADAKI (B)
NASARAWA,12,TOTO,07,Ugya,003,RUDU
NASARAWA,12,TOTO,07,Ugya,004,BAKETE
NASARAWA,12,TOTO,07,Ugya,005,DUBEKU
NASARAWA,12,TOTO,07,Ugya,006,KOVOFU
NASARAWA,12,TOTO,07,Ugya,007,LUMA LUMA
NASARAWA,12,TOTO,07,Ugya,008,DARE
NASARAWA,12,TOTO,07,Ugya,009,PANDA AHULLA
NASARAWA,12,TOTO,07,Ugya,010,KOLO
NASARAWA,12,TOTO,07,Ugya,011,AYIWAWA
NASARAWA,12,TOTO,08,Toto,001,AHERE KWATTO
NASARAWA,12,TOTO,08,Toto,002,OHIZI
NASARAWA,12,TOTO,08,Toto,003,AGANKI SARKI (A)
NASARAWA,12,TOTO,08,Toto,004,HAUSAWA LIMAN 'A'
NASARAWA,12,TOTO,08,Toto,005,RAFIN KUNAMA
NASARAWA,12,TOTO,08,Toto,006,HAUSAWA KAMBARI
NASARAWA,12,TOTO,08,Toto,007,GBAWODI
NASARAWA,12,TOTO,08,Toto,008,"CENTRAL PILOT SCHOOL, TOTO (KPEGU)"
NASARAWA,12,TOTO,08,Toto,009,UKYA ZAKUTU
NASARAWA,12,TOTO,08,Toto,010,UKYA YEWUYE
NASARAWA,12,TOTO,08,Toto,011,ACHIDO
NASARAWA,12,TOTO,08,Toto,012,KOFA (A)
NASARAWA,12,TOTO,08,Toto,013,"L.E.A PRIMARY SCHOOL, TOTO NORTH (KOFA (B))"
NASARAWA,12,TOTO,08,Toto,014,HAUSAWA LIMAN (B)
NASARAWA,12,TOTO,08,Toto,015,ADADU
NASARAWA,12,TOTO,08,Toto,016,DIMBEKU
NASARAWA,12,TOTO,08,Toto,017,AGANKI SARKI
NASARAWA,12,TOTO,09,Shafan Abakpa,001,KURU
NASARAWA,12,TOTO,09,Shafan Abakpa,002,YELWA
NASARAWA,12,TOTO,09,Shafan Abakpa,003,CHEREKU
NASARAWA,12,TOTO,09,Shafan Abakpa,004,TAWANA KURU
NASARAWA,12,TOTO,09,Shafan Abakpa,005,SHAFAN ABAKPA
NASARAWA,12,TOTO,09,Shafan Abakpa,006,DARE
NASARAWA,12,TOTO,09,Shafan Abakpa,007,RAKPAMI
NASARAWA,12,TOTO,09,Shafan Abakpa,008,NUGBA
NASARAWA,12,TOTO,09,Shafan Abakpa,009,SHAFAN ABAKPA PRIMARY SCHOOL
NASARAWA,12,TOTO,09,Shafan Abakpa,010,GBARI
NASARAWA,12,TOTO,09,Shafan Abakpa,011,MARKET SQUARE
NASARAWA,12,TOTO,09,Shafan Abakpa,012,"L.E.A PRIMARY SCHOOL, DAJIE (DAJIE)"
NASARAWA,12,TOTO,10,Shafan Kwato,001,ANG.SARKI
NASARAWA,12,TOTO,10,Shafan Kwato,002,NYEJI
NASARAWA,12,TOTO,10,Shafan Kwato,003,GATE
NASARAWA,12,TOTO,10,Shafan Kwato,004,SARDAUNA
NASARAWA,12,TOTO,10,Shafan Kwato,005,MUNYA
NASARAWA,12,TOTO,10,Shafan Kwato,006,SHISHIGENESHI
NASARAWA,12,TOTO,10,Shafan Kwato,007,ANG.LIMAN
NASARAWA,12,TOTO,11,Shege,001,IGGI
NASARAWA,12,TOTO,11,Shege,002,OGBERE
NASARAWA,12,TOTO,11,Shege,003,KAITA
NASARAWA,12,TOTO,11,Shege,004,KOKOTO
NASARAWA,12,TOTO,11,Shege,005,SHEGE
NASARAWA,12,TOTO,11,Shege,006,SHAKARUKU
NASARAWA,12,TOTO,11,Shege,007,KAKULO
NASARAWA,12,TOTO,11,Shege,008,TONDO
NASARAWA,12,TOTO,11,Shege,009,IHAMKPE (A)
NASARAWA,12,TOTO,11,Shege,010,IHAMKPE (B)
NASARAWA,12,TOTO,11,Shege,011,ANGURA
NASARAWA,12,TOTO,12,Katakpa,001,KATAKPA
NASARAWA,12,TOTO,12,Katakpa,002,SERE
NASARAWA,12,TOTO,12,Katakpa,003,RISAGU
NASARAWA,12,TOTO,12,Katakpa,004,SHIZHE
NASARAWA,12,TOTO,12,Katakpa,005,EMUE
NASARAWA,13,WAMBA,01,Arum,001,ARUM TUMARA PRIMARY SCHOOL
NASARAWA,13,WAMBA,01,Arum,002,ARUM TUMARA
NASARAWA,13,WAMBA,01,Arum,003,"ARUM KADO - PRI.SCHOOL, KADO"
NASARAWA,13,WAMBA,01,Arum,004,"ARUM CHUGBU - PRIMARY SCHOOL, ARUM CHUGBU"
NASARAWA,13,WAMBA,01,Arum,005,"ARUM SARKI - PRI.SCHOOL, ARUM SARKI"
NASARAWA,13,WAMBA,02,Mangar,001,"CHESSU - PRI.SCHOOL, CHESSU"
NASARAWA,13,WAMBA,02,Mangar,002,TURKWAN KANJA - OPEN SQUARE TURKWAN KANJA
NASARAWA,13,WAMBA,02,Mangar,003,TURKWAN MISSION - OPEN SQUARE TURKWAN KANJA
NASARAWA,13,WAMBA,02,Mangar,004,"YASHI - PRI.SCHOOL, YASHI"
NASARAWA,13,WAMBA,02,Mangar,005,"MANGAR - PRI.SCHOOL, MANGAR I"
NASARAWA,13,WAMBA,02,Mangar,006,"MANGAR - PRI.SCHOOL, MANGAR II"
NASARAWA,13,WAMBA,02,Mangar,007,"MASSENGE - PRI.SCHOOL, MANGAR"
NASARAWA,13,WAMBA,03,Gitta,001,"SISINBAKI - PRI.SCHOOL, SISINBAKI"
NASARAWA,13,WAMBA,03,Gitta,002,SISINBAKI - MARKET SQUARE SISINBARKI
NASARAWA,13,WAMBA,03,Gitta,003,"KURAGA - PRI.SCHOOL , KURAGA"
NASARAWA,13,WAMBA,03,Gitta,004,"GONGON JUNCTION - PRI.SCHOOL, GONGON JUCNTION"
NASARAWA,13,WAMBA,03,Gitta,005,UNG. RIMI PRY SCHOOL
NASARAWA,13,WAMBA,04,Nakere,001,"GBUDE - OPEN SQUARE, GBUDE"
NASARAWA,13,WAMBA,04,Nakere,002,NAKERE - PRI.SCHOOL
NASARAWA,13,WAMBA,04,Nakere,003,NAKERE - OPEN SQUARE NAKERE
NASARAWA,13,WAMBA,04,Nakere,004,GBUDE PRIM. SCHOOL (GBUDE OPEN SQUARE)
NASARAWA,13,WAMBA,04,Nakere,005,RAGGA
NASARAWA,13,WAMBA,05,Konvah,001,KONVAH - KONVAH PRI.SCHOOL
NASARAWA,13,WAMBA,05,Konvah,002,UGURE - PRI.SCHOOL UGURE
NASARAWA,13,WAMBA,05,Konvah,003,LAGO PRIM SCHOOL (LAGO - LAGO I)
NASARAWA,13,WAMBA,05,Konvah,004,LAGO-LAGO II
NASARAWA,13,WAMBA,06,Wayo,001,WAYO - PRI.SCHOOL
NASARAWA,13,WAMBA,06,Wayo,002,LANGI PRIM SCH. LANGI (LANGI - OPEN SPACE (LANGI)
NASARAWA,13,WAMBA,06,Wayo,003,WAYO - PRI.SCHOOL WAYO
NASARAWA,13,WAMBA,06,Wayo,004,SPINE- PRI.SCHOOL WAYO
NASARAWA,13,WAMBA,06,Wayo,005,UGYE - PRIMARY SCHOOL UGYE
NASARAWA,13,WAMBA,06,Wayo,006,"KURIZE - OPEN SPACE, KURIZE"
NASARAWA,13,WAMBA,07,Wamba West,001,CMS PRI.SCHOOL (A)
NASARAWA,13,WAMBA,07,Wamba West,002,CMS PRIMARY SCHOOL (B)
NASARAWA,13,WAMBA,07,Wamba West,003,OLD CENTRAL OFFICE- OLD CENTRAL OFFICE
NASARAWA,13,WAMBA,07,Wamba West,004,UNGWAN ZANUWA - OPEN SPACE - UNG.ZANUWA
NASARAWA,13,WAMBA,07,Wamba West,005,"BYE-PASS - OPEN SPACE, BYE-PASS"
NASARAWA,13,WAMBA,07,Wamba West,006,"GWAGI - OPEN SPACE, GWAGI"
NASARAWA,13,WAMBA,07,Wamba West,007,"WAMBA KURMI - PRI.SCHOOL, WAMBA KURMI"
NASARAWA,13,WAMBA,07,Wamba West,008,"UNGO - OPEN SPACE, UNGO"
NASARAWA,13,WAMBA,08,Wamba East,001,UNG.SABO - OPEN SQUARE
NASARAWA,13,WAMBA,08,Wamba East,002,UNG.SABO - OPEN SQUARE
NASARAWA,13,WAMBA,08,Wamba East,003,GBOMBU - OPEN SPACE
NASARAWA,13,WAMBA,08,Wamba East,004,KOFAR FADA I
NASARAWA,13,WAMBA,08,Wamba East,005,KOFAR FADA II
NASARAWA,13,WAMBA,08,Wamba East,006,NEW BANK - BEHIND U.B.A
NASARAWA,13,WAMBA,08,Wamba East,007,NEW BANK
NASARAWA,13,WAMBA,08,Wamba East,008,G.S.S WAMBA
NASARAWA,13,WAMBA,08,Wamba East,009,LGEA PRI. SCHOOL WAJA (WAJA)
NASARAWA,13,WAMBA,09,Kwara,001,KWARRA - PRI.SCHOOL
NASARAWA,13,WAMBA,09,Kwara,002,MAMA - PRI.SCHOOL
NASARAWA,13,WAMBA,09,Kwara,003,MARHAI - PRI.SCHOOL
NASARAWA,13,WAMBA,09,Kwara,004,MARHAI PRIM. SCHOOL (MARHAI OPEN SPACE)
NASARAWA,13,WAMBA,09,Kwara,005,MUGGU - PRI.SCHOOL
NASARAWA,13,WAMBA,09,Kwara,006,UKOLLO - PRI.SCHOOL
NASARAWA,13,WAMBA,10,Jimiya,001,AMBAKA - PRI.SCHOOL
NASARAWA,13,WAMBA,10,Jimiya,002,JIMIYA - PRI.SCHOOL
NASARAWA,13,WAMBA,10,Jimiya,003,ZALLI - PRI.SCHOOL
NASARAWA,13,WAMBA,10,Jimiya,004,"KAM/KIRE - PRI.SCHOOL, KAM"
